timestamp,trip_id,event_type,latitude,longitude,distance_km,elapsed_s,status
2026-09-29T10:14:13,trip-20260929031413-dc21a7,START,-1.2617841666666667,116.84248816666667,0.0,0,ACTIVE
2026-09-29T10:14:14,trip-20260929031413-dc21a7,END,0.0,0.0,0.0,1,COMPLETED
2026-09-29T10:14:48,trip-20260929031448-dbce56,START,-1.2617958333333332,116.8424795,0.0,0,ACTIVE
2026-09-29T10:14:51,trip-20260929031448-dbce56,END,0.0,0.0,0.0,3,COMPLETED
2026-09-29T10:14:52,trip-20260929031452-17eb1c,START,-1.2618051666666668,116.84247883333333,0.0,0,ACTIVE
2026-09-29T10:14:54,trip-20260929031452-17eb1c,END,0.0,0.0,0.0,2,COMPLETED
2026-09-29T10:14:55,trip-20260929031455-801f80,START,-1.261808,116.84248316666667,0.0,0,ACTIVE
2026-09-29T10:14:57,trip-20260929031455-801f80,END,0.0,0.0,0.0,2,COMPLETED
2026-09-29T10:14:58,trip-20260929031458-3a48c7,START,-1.261814,116.84248166666667,0.0,0,ACTIVE
2026-09-29T10:15:00,trip-20260929031458-3a48c7,END,0.0,0.0,0.0,2,COMPLETED
2026-09-29T10:15:01,trip-20260929031501-5a8e35,START,-1.2618321666666668,116.84247216666667,0.0,0,ACTIVE
2026-09-29T10:15:03,trip-20260929031501-5a8e35,END,0.0,0.0,0.0,2,COMPLETED
2026-09-29T10:15:04,trip-20260929031504-389e6a,START,-1.2618433333333332,116.8424645,0.0,0,ACTIVE
2026-09-29T10:15:06,trip-20260929031504-389e6a,END,0.0,0.0,0.0,2,COMPLETED
2026-09-29T10:15:07,trip-20260929031507-df4c90,START,-1.2618451666666668,116.84246566666667,0.0,0,ACTIVE
2026-09-29T10:15:10,trip-20260929031507-df4c90,END,0.0,0.0,0.0,3,COMPLETED
2026-09-29T10:15:11,trip-20260929031511-c925be,START,-1.2618488333333333,116.842466,0.0,0,ACTIVE
2026-09-29T10:15:13,trip-20260929031511-c925be,END,0.0,0.0,0.0,2,COMPLETED
2026-09-29T10:15:14,trip-20260929031514-bc5a33,START,-1.2618648333333333,116.842455,0.0,0,ACTIVE
2026-09-29T10:15:16,trip-20260929031514-bc5a33,END,0.0,0.0,0.0,2,COMPLETED
2026-09-29T10:15:17,trip-20260929031517-90099b,START,-1.2618766666666668,116.84244966666667,0.0,0,ACTIVE
2026-09-29T10:15:19,trip-20260929031517-90099b,END,0.0,0.0,0.0,2,COMPLETED
2026-09-29T10:15:20,trip-20260929031520-cb0985,START,-1.2618813333333334,116.84245083333333,0.0,0,ACTIVE
2026-09-29T10:15:23,trip-20260929031520-cb0985,END,0.0,0.0,0.0,3,COMPLETED
2026-09-29T10:15:24,trip-20260929031524-f105f8,START,-1.2618835,116.8424535,0.0,0,ACTIVE
2026-09-29T10:15:26,trip-20260929031524-f105f8,END,0.0,0.0,0.0,2,COMPLETED
2026-09-29T10:16:13,trip-20260929031613-ff480f,START,-1.2618776666666667,116.84245216666666,0.0,0,ACTIVE
2026-09-29T10:16:15,trip-20260929031613-ff480f,END,0.0,0.0,0.0,2,COMPLETED
2026-09-29T10:16:16,trip-20260929031616-13c100,START,-1.2618893333333334,116.84244583333333,0.0,0,ACTIVE
2026-09-29T10:16:19,trip-20260929031616-13c100,END,0.0,0.0,0.0,3,COMPLETED
2026-09-29T10:16:20,trip-20260929031620-6380ea,START,-1.261897,116.84244183333334,0.0,0,ACTIVE
2026-09-29T10:16:22,trip-20260929031620-6380ea,END,0.0,0.0,0.0,2,COMPLETED
2026-09-29T10:16:23,trip-20260929031623-1f6d85,START,-1.2619036666666665,116.84243816666667,0.0,0,ACTIVE
2026-09-29T10:16:26,trip-20260929031623-1f6d85,END,0.0,0.0,0.0,3,COMPLETED
2026-09-29T10:16:27,trip-20260929031627-918656,START,-1.2619058333333333,116.842438,0.0,0,ACTIVE
2026-09-29T10:16:29,trip-20260929031627-918656,END,0.0,0.0,0.0,2,COMPLETED
2026-09-29T10:16:30,trip-20260929031630-5b0a93,START,-1.2618986666666667,116.84244433333333,0.0,0,ACTIVE
2026-09-29T10:16:32,trip-20260929031630-5b0a93,END,0.0,0.0,0.0,2,COMPLETED
2026-09-29T10:16:34,trip-20260929031634-e3c5bf,START,-1.2619126666666667,116.842434,0.0,0,ACTIVE
2026-09-29T10:16:36,trip-20260929031634-e3c5bf,END,0.0,0.0,0.0,2,COMPLETED
2026-09-29T10:16:37,trip-20260929031637-5c89f6,START,-1.2619241666666667,116.842428,0.0,0,ACTIVE
2026-09-29T10:16:39,trip-20260929031637-5c89f6,END,0.0,0.0,0.0,2,COMPLETED
2026-09-29T10:16:40,trip-20260929031640-d9e455,START,-1.261924,116.84243216666667,0.0,0,ACTIVE
2026-09-29T10:16:43,trip-20260929031640-d9e455,END,0.0,0.0,0.0,3,COMPLETED
2026-09-29T10:16:44,trip-20260929031644-893f98,START,-1.2619305,116.8424285,0.0,0,ACTIVE
2026-09-29T10:24:36,trip-20260929032436-30adba,START,-1.2621676666666666,116.84227183333333,0.0,0,ACTIVE
2026-09-29T10:24:44,trip-20260929032436-30adba,END,0.0,0.0,0.0,8,COMPLETED
2026-09-29T10:24:46,trip-20260929032446-ff5e09,START,-1.262171,116.8422695,0.0,0,ACTIVE
2026-09-29T10:24:49,trip-20260929032446-ff5e09,END,0.0,0.0,0.0,3,COMPLETED
2026-09-29T10:24:50,trip-20260929032450-8c9249,START,-1.2621758333333333,116.84226983333333,0.0,0,ACTIVE
2026-09-29T10:24:53,trip-20260929032450-8c9249,END,0.0,0.0,0.0,3,COMPLETED
2026-09-29T10:24:55,trip-20260929032455-bf3ed4,START,-1.2621723333333335,116.84226933333333,0.0,0,ACTIVE
2026-09-29T10:24:57,trip-20260929032455-bf3ed4,END,0.0,0.0,0.0,2,COMPLETED
2026-09-29T10:24:59,trip-20260929032459-408504,START,-1.2621746666666667,116.8422675,0.0,0,ACTIVE
2026-09-29T10:25:02,trip-20260929032459-408504,END,0.0,0.0,0.0,3,COMPLETED
2026-09-29T10:25:04,trip-20260929032504-f06541,START,-1.262174,116.84226716666667,0.0,0,ACTIVE
2026-09-29T10:25:07,trip-20260929032504-f06541,END,0.0,0.0,0.0,3,COMPLETED
2026-09-29T10:25:08,trip-20260929032508-62e4ac,START,-1.2621823333333333,116.842265,0.0,0,ACTIVE
2026-09-29T10:25:11,trip-20260929032508-62e4ac,END,0.0,0.0,0.0,3,COMPLETED
2026-09-29T10:25:12,trip-20260929032512-ef00a1,START,-1.26218,116.84226483333333,0.0,0,ACTIVE
2026-09-29T10:25:15,trip-20260929032512-ef00a1,END,0.0,0.0,0.0,3,COMPLETED
2026-09-29T10:25:16,trip-20260929032516-2a03d0,START,-1.2621923333333334,116.84226583333333,0.0,0,ACTIVE
2026-09-29T10:25:22,trip-20260929032516-2a03d0,END,0.0,0.0,0.0,6,COMPLETED
2026-09-29T10:25:24,trip-20260929032524-911a38,START,-1.2622066666666667,116.84227033333333,0.0,0,ACTIVE
2026-09-29T10:25:27,trip-20260929032524-911a38,END,0.0,0.0,0.0,3,COMPLETED
2026-09-29T10:25:28,trip-20260929032528-f10a3b,START,-1.2622063333333333,116.842268,0.0,0,ACTIVE
2026-09-29T10:25:31,trip-20260929032528-f10a3b,END,0.0,0.0,0.0,3,COMPLETED
2026-09-29T10:25:33,trip-20260929032533-241d08,START,-1.2622051666666667,116.84226933333333,0.0,0,ACTIVE
2026-09-29T10:25:36,trip-20260929032533-241d08,END,0.0,0.0,0.0,3,COMPLETED
2026-09-29T10:25:37,trip-20260929032537-54fee2,START,-1.2622095,116.8422705,0.0,0,ACTIVE
2026-09-29T10:25:40,trip-20260929032537-54fee2,END,0.0,0.0,0.0,3,COMPLETED
2026-09-29T10:25:42,trip-20260929032542-09ec81,START,-1.2622128333333333,116.8422705,0.0,0,ACTIVE
2026-09-29T10:25:44,trip-20260929032542-09ec81,END,0.0,0.0,0.0,2,COMPLETED
2026-09-29T10:33:02,trip-20260929033302-3df18f,START,-1.2621165,116.84214233333333,0.0,0,ACTIVE
2026-09-29T10:33:05,trip-20260929033302-3df18f,END,0.0,0.0,0.0,3,COMPLETED
2026-09-29T10:33:06,trip-20260929033306-b377f6,START,-1.2621141666666666,116.84214766666666,0.0,0,ACTIVE
2026-09-29T10:33:09,trip-20260929033306-b377f6,END,0.0,0.0,0.0,3,COMPLETED
2026-09-29T10:33:11,trip-20260929033311-3c807c,START,-1.262099,116.842147,0.0,0,ACTIVE
2026-09-29T10:33:14,trip-20260929033311-3c807c,END,0.0,0.0,0.0,3,COMPLETED
2026-09-29T10:33:15,trip-20260929033315-7f67c9,START,-1.2620863333333334,116.84214483333334,0.0,0,ACTIVE
2026-09-29T10:33:18,trip-20260929033315-7f67c9,END,0.0,0.0,0.0,3,COMPLETED
2026-09-29T10:33:20,trip-20260929033320-fb9ebd,START,-1.2620781666666667,116.84214616666667,0.0,0,ACTIVE
2026-09-29T10:33:23,trip-20260929033320-fb9ebd,END,0.0,0.0,0.0,3,COMPLETED
2026-09-29T10:33:25,trip-20260929033325-827315,START,-1.2620688333333334,116.84214483333334,0.0,0,ACTIVE
2026-09-29T10:33:28,trip-20260929033325-827315,END,0.0,0.0,0.0,3,COMPLETED
2026-09-29T10:33:29,trip-20260929033329-81f6b7,START,-1.262066,116.8421455,0.0,0,ACTIVE
2026-09-29T10:33:32,trip-20260929033329-81f6b7,END,0.0,0.0,0.0,3,COMPLETED
2026-09-29T10:33:34,trip-20260929033334-e8f555,START,-1.2620576666666667,116.8421475,0.0,0,ACTIVE
2026-09-29T10:33:37,trip-20260929033334-e8f555,END,0.0,0.0,0.0,3,COMPLETED
2026-09-29T10:33:38,trip-20260929033338-0940d5,START,-1.2620558333333334,116.842146,0.0,0,ACTIVE
2026-09-29T10:33:41,trip-20260929033338-0940d5,END,0.0,0.0,0.0,3,COMPLETED
2026-09-29T10:33:43,trip-20260929033343-d05442,START,-1.2620508333333333,116.84214533333333,0.0,0,ACTIVE
2026-09-29T10:33:46,trip-20260929033343-d05442,END,0.0,0.0,0.0,3,COMPLETED
2026-09-29T10:33:47,trip-20260929033347-91ff29,START,-1.2620458333333333,116.84214833333333,0.0,0,ACTIVE
2026-09-29T10:33:50,trip-20260929033347-91ff29,END,0.0,0.0,0.0,3,COMPLETED
2026-09-29T10:33:52,trip-20260929033352-ef9813,START,-1.2620425,116.84215033333334,0.0,0,ACTIVE
2026-09-29T10:33:55,trip-20260929033352-ef9813,END,0.0,0.0,0.0,3,COMPLETED
2026-09-29T10:33:56,trip-20260929033356-62c013,START,-1.262037,116.84214733333333,0.0,0,ACTIVE
2026-09-29T10:33:59,trip-20260929033356-62c013,END,0.0,0.0,0.0,3,COMPLETED
2026-09-29T10:34:01,trip-20260929033401-516fc4,START,-1.2620358333333332,116.842147,0.0,0,ACTIVE
2026-09-29T10:34:04,trip-20260929033401-516fc4,END,0.0,0.0,0.0,3,COMPLETED
2026-09-29T10:34:05,trip-20260929033405-ffb152,START,-1.2620321666666667,116.8421485,0.0,0,ACTIVE
2026-09-29T10:34:08,trip-20260929033405-ffb152,END,0.0,0.0,0.0,3,COMPLETED
2026-09-29T10:34:10,trip-20260929033410-4292f2,START,-1.2620301666666667,116.84215066666667,0.0,0,ACTIVE
2026-09-29T10:34:13,trip-20260929033410-4292f2,END,0.0,0.0,0.0,3,COMPLETED
2026-09-29T10:34:14,trip-20260929033414-c8a268,START,-1.2620261666666668,116.84215,0.0,0,ACTIVE
2026-09-29T10:34:17,trip-20260929033414-c8a268,END,0.0,0.0,0.0,3,COMPLETED
2026-09-29T10:34:19,trip-20260929033419-3ad625,START,-1.2620291666666668,116.842149,0.0,0,ACTIVE
2026-09-29T10:34:22,trip-20260929033419-3ad625,END,0.0,0.0,0.0,3,COMPLETED
2026-09-29T10:34:23,trip-20260929033423-c2b8ad,START,-1.262031,116.84215016666667,0.0,0,ACTIVE
2026-09-29T10:34:26,trip-20260929033423-c2b8ad,END,0.0,0.0,0.0,3,COMPLETED
2026-09-29T10:34:27,trip-20260929033427-9082b2,START,-1.2620331666666667,116.84215,0.0,0,ACTIVE
2026-09-29T10:34:30,trip-20260929033427-9082b2,END,0.0,0.0,0.0,3,COMPLETED
2026-09-29T10:34:32,trip-20260929033432-cb548e,START,-1.2620385,116.84214833333333,0.0,0,ACTIVE
2026-09-29T10:34:35,trip-20260929033432-cb548e,END,0.0,0.0,0.0,3,COMPLETED
2026-09-29T10:34:37,trip-20260929033437-5cf380,START,-1.2620465,116.84214633333333,0.0,0,ACTIVE
2026-09-29T10:34:39,trip-20260929033437-5cf380,END,0.0,0.0,0.0,2,COMPLETED
2026-09-29T10:34:41,trip-20260929033441-3c65fe,START,-1.2620586666666667,116.84214016666667,0.0,0,ACTIVE
2026-09-29T10:34:44,trip-20260929033441-3c65fe,END,0.0,0.0,0.0,3,COMPLETED
2026-09-29T10:34:45,trip-20260929033445-201dae,START,-1.2620741666666666,116.8421305,0.0,0,ACTIVE
2026-09-29T10:34:48,trip-20260929033445-201dae,END,0.0,0.0,0.0,3,COMPLETED
2026-09-29T10:34:50,trip-20260929033450-34a130,START,-1.262086,116.8421215,0.0,0,ACTIVE
2026-09-29T10:34:53,trip-20260929033450-34a130,END,0.0,0.0,0.0,3,COMPLETED
2026-09-29T10:34:55,trip-20260929033455-116712,START,-1.2620831666666668,116.84212716666667,0.0,0,ACTIVE
2026-09-29T10:34:58,trip-20260929033455-116712,END,0.0,0.0,0.0,3,COMPLETED
2026-09-29T10:35:00,trip-20260929033500-368b75,START,-1.2620883333333333,116.8421265,0.0,0,ACTIVE
2026-09-29T10:35:03,trip-20260929033500-368b75,END,0.0,0.0,0.0,3,COMPLETED
2026-09-29T10:35:04,trip-20260929033504-b09bd5,START,-1.2620885,116.8421295,0.0,0,ACTIVE
2026-09-29T10:35:07,trip-20260929033504-b09bd5,END,0.0,0.0,0.0,3,COMPLETED
2026-09-29T10:35:09,trip-20260929033509-7d2bee,START,-1.262089,116.84213166666666,0.0,0,ACTIVE
2026-09-29T10:35:12,trip-20260929033509-7d2bee,END,0.0,0.0,0.0,3,COMPLETED
2026-09-29T10:35:14,trip-20260929033514-7a3458,START,-1.2620865000000001,116.8421365,0.0,0,ACTIVE
2026-09-29T10:35:17,trip-20260929033514-7a3458,END,0.0,0.0,0.0,3,COMPLETED
2026-09-29T10:35:18,trip-20260929033518-fa8f88,START,-1.2620885,116.84213716666666,0.0,0,ACTIVE
2026-09-29T10:35:21,trip-20260929033518-fa8f88,END,0.0,0.0,0.0,3,COMPLETED
2026-09-29T10:35:23,trip-20260929033523-b9b424,START,-1.262092,116.8421365,0.0,0,ACTIVE
2026-09-29T10:35:26,trip-20260929033523-b9b424,END,0.0,0.0,0.0,3,COMPLETED
2026-09-29T10:35:27,trip-20260929033527-baaf38,START,-1.2621138333333333,116.84211716666667,0.0,0,ACTIVE
2026-09-29T10:35:30,trip-20260929033527-baaf38,END,0.0,0.0,0.0,3,COMPLETED
2026-09-29T10:35:32,trip-20260929033532-a64a38,START,-1.2621246666666668,116.84210683333333,0.0,0,ACTIVE
2026-09-29T10:35:35,trip-20260929033532-a64a38,END,0.0,0.0,0.0,3,COMPLETED
2026-09-29T10:35:36,trip-20260929033536-1599d4,START,-1.2621268333333333,116.84210983333334,0.0,0,ACTIVE
2026-09-29T10:35:40,trip-20260929033536-1599d4,END,0.0,0.0,0.0,4,COMPLETED
2026-09-29T10:35:41,trip-20260929033541-07220e,START,-1.262127,116.84211533333334,0.0,0,ACTIVE
2026-09-29T10:35:44,trip-20260929033541-07220e,END,0.0,0.0,0.0,3,COMPLETED
2026-09-29T10:35:46,trip-20260929033546-6e1a29,START,-1.262122,116.84212433333333,0.0,0,ACTIVE
2026-09-29T10:35:50,trip-20260929033546-6e1a29,END,0.0,0.0,0.0,4,COMPLETED
2026-09-29T10:35:51,trip-20260929033551-08d465,START,-1.262109,116.84213066666666,0.0,0,ACTIVE
2026-09-29T10:35:54,trip-20260929033551-08d465,END,0.0,0.0,0.0,3,COMPLETED
2026-09-29T10:35:55,trip-20260929033555-b2667c,START,-1.2621051666666667,116.842132,0.0,0,ACTIVE
2026-09-29T10:35:59,trip-20260929033555-b2667c,END,0.0,0.0,0.0,4,COMPLETED
2026-09-29T10:36:00,trip-20260929033600-099593,START,-1.2621011666666666,116.84213483333333,0.0,0,ACTIVE
2026-09-29T10:36:03,trip-20260929033600-099593,END,0.0,0.0,0.0,3,COMPLETED
2026-09-29T10:36:05,trip-20260929033605-9400cd,START,-1.2620946666666666,116.84213883333334,0.0,0,ACTIVE
2026-09-29T10:36:08,trip-20260929033605-9400cd,END,0.0,0.0,0.0,3,COMPLETED
2026-09-29T10:36:09,trip-20260929033609-521867,START,-1.2620873333333333,116.84214533333333,0.0,0,ACTIVE
2026-09-29T10:36:12,trip-20260929033609-521867,END,0.0,0.0,0.0,3,COMPLETED
2026-09-29T10:36:14,trip-20260929033614-a74082,START,-1.2620756666666666,116.84214733333333,0.0,0,ACTIVE
2026-09-29T10:36:17,trip-20260929033614-a74082,END,0.0,0.0,0.0,3,COMPLETED
2026-09-29T10:36:18,trip-20260929033618-e7f1ac,START,-1.2620665,116.84214316666667,0.0,0,ACTIVE
2026-09-29T10:36:21,trip-20260929033618-e7f1ac,END,0.0,0.0,0.0,3,COMPLETED
2026-09-29T10:36:23,trip-20260929033623-924891,START,-1.2620581666666666,116.8421415,0.0,0,ACTIVE
2026-09-29T10:36:26,trip-20260929033623-924891,END,0.0,0.0,0.0,3,COMPLETED
2026-09-29T10:36:28,trip-20260929033628-e3666e,START,-1.2620493333333334,116.84214533333333,0.0,0,ACTIVE
2026-09-29T10:36:31,trip-20260929033628-e3666e,END,0.0,0.0,0.0,3,COMPLETED
2026-09-29T10:36:33,trip-20260929033633-6c5549,START,-1.2620365,116.84215033333334,0.0,0,ACTIVE
2026-09-29T10:36:36,trip-20260929033633-6c5549,END,0.0,0.0,0.0,3,COMPLETED
2026-09-29T10:36:37,trip-20260929033637-b1c9d5,START,-1.262024,116.84215716666667,0.0,0,ACTIVE
2026-09-29T10:36:40,trip-20260929033637-b1c9d5,END,0.0,0.0,0.0,3,COMPLETED
2026-09-29T10:36:42,trip-20260929033642-37efd2,START,-1.2620143333333333,116.84216916666666,0.0,0,ACTIVE
2026-09-29T10:36:45,trip-20260929033642-37efd2,END,0.0,0.0,0.0,3,COMPLETED
2026-09-29T10:36:47,trip-20260929033647-4a69d1,START,-1.2620056666666666,116.84217866666667,0.0,0,ACTIVE
2026-09-29T10:36:50,trip-20260929033647-4a69d1,END,0.0,0.0,0.0,3,COMPLETED
2026-09-29T10:36:51,trip-20260929033651-fbc46f,START,-1.2619976666666668,116.84219133333333,0.0,0,ACTIVE
2026-09-29T10:36:54,trip-20260929033651-fbc46f,END,0.0,0.0,0.0,3,COMPLETED
2026-09-29T10:36:56,trip-20260929033656-9d0f47,START,-1.2619903333333333,116.8422035,0.0,0,ACTIVE
2026-09-29T10:36:59,trip-20260929033656-9d0f47,END,0.0,0.0,0.0,3,COMPLETED
2026-09-29T10:37:00,trip-20260929033700-24d7c8,START,-1.261987,116.8422115,0.0,0,ACTIVE
2026-09-29T10:37:03,trip-20260929033700-24d7c8,END,0.0,0.0,0.0,3,COMPLETED
2026-09-29T10:37:05,trip-20260929033705-9f841d,START,-1.2619825,116.84221666666667,0.0,0,ACTIVE
2026-09-29T10:37:08,trip-20260929033705-9f841d,END,0.0,0.0,0.0,3,COMPLETED
2026-09-29T10:37:10,trip-20260929033710-78468a,START,-1.2619776666666667,116.84222116666666,0.0,0,ACTIVE
2026-09-29T10:37:13,trip-20260929033710-78468a,END,0.0,0.0,0.0,3,COMPLETED
2026-09-29T10:37:15,trip-20260929033715-9edf97,START,-1.2619706666666666,116.84222433333333,0.0,0,ACTIVE
2026-09-29T10:37:18,trip-20260929033715-9edf97,END,0.0,0.0,0.0,3,COMPLETED
2026-09-29T10:37:19,trip-20260929033719-b4711f,START,-1.2619686666666667,116.84222533333333,0.0,0,ACTIVE
2026-09-29T10:37:22,trip-20260929033719-b4711f,END,0.0,0.0,0.0,3,COMPLETED
2026-09-29T10:37:24,trip-20260929033724-510e65,START,-1.2619675,116.842223,0.0,0,ACTIVE
2026-09-29T10:37:27,trip-20260929033724-510e65,END,0.0,0.0,0.0,3,COMPLETED
2026-09-29T10:37:28,trip-20260929033728-a6385b,START,-1.2619645,116.84222166666666,0.0,0,ACTIVE
2026-09-29T10:37:31,trip-20260929033728-a6385b,END,0.0,0.0,0.0,3,COMPLETED
2026-09-29T10:37:33,trip-20260929033733-86a481,START,-1.2619611666666666,116.842218,0.0,0,ACTIVE
2026-09-29T10:37:36,trip-20260929033733-86a481,END,0.0,0.0,0.0,3,COMPLETED
2026-09-29T10:37:38,trip-20260929033738-8fd74f,START,-1.2619538333333333,116.84221883333333,0.0,0,ACTIVE
2026-09-29T10:37:41,trip-20260929033738-8fd74f,END,0.0,0.0,0.0,3,COMPLETED
2026-09-29T10:37:42,trip-20260929033742-9f2702,START,-1.2619496666666667,116.84222416666667,0.0,0,ACTIVE
2026-09-29T10:37:45,trip-20260929033742-9f2702,END,0.0,0.0,0.0,3,COMPLETED
2026-09-29T10:37:47,trip-20260929033747-8501b1,START,-1.261946,116.842228,0.0,0,ACTIVE
2026-09-29T10:37:50,trip-20260929033747-8501b1,END,0.0,0.0,0.0,3,COMPLETED
2026-09-29T10:37:51,trip-20260929033751-be822a,START,-1.2619435,116.84223133333333,0.0,0,ACTIVE
2026-09-29T10:37:54,trip-20260929033751-be822a,END,0.0,0.0,0.0,3,COMPLETED
2026-09-29T10:37:56,trip-20260929033756-46d3f5,START,-1.261938,116.842235,0.0,0,ACTIVE
2026-09-29T10:37:59,trip-20260929033756-46d3f5,END,0.0,0.0,0.0,3,COMPLETED
2026-09-29T10:38:01,trip-20260929033801-753fab,START,-1.2619291666666665,116.84224183333333,0.0,0,ACTIVE
2026-09-29T10:38:03,trip-20260929033801-753fab,END,0.0,0.0,0.0,2,COMPLETED
2026-09-29T10:38:05,trip-20260929033805-182e7e,START,-1.2619231666666666,116.8422465,0.0,0,ACTIVE
2026-09-29T10:38:08,trip-20260929033805-182e7e,END,0.0,0.0,0.0,3,COMPLETED
2026-09-29T10:38:09,trip-20260929033809-d79c9e,START,-1.2619161666666667,116.84224866666666,0.0,0,ACTIVE
2026-09-29T10:38:12,trip-20260929033809-d79c9e,END,0.0,0.0,0.0,3,COMPLETED
2026-09-29T10:38:13,trip-20260929033813-6a5cb5,START,-1.261916,116.84224466666667,0.0,0,ACTIVE
2026-09-29T10:38:16,trip-20260929033813-6a5cb5,END,0.0,0.0,0.0,3,COMPLETED
2026-09-29T10:38:18,trip-20260929033818-05ebbe,START,-1.2619196666666666,116.84224183333333,0.0,0,ACTIVE
2026-09-29T10:38:21,trip-20260929033818-05ebbe,END,0.0,0.0,0.0,3,COMPLETED
2026-09-29T10:38:22,trip-20260929033822-a2e875,START,-1.261919,116.84223883333334,0.0,0,ACTIVE
2026-09-29T10:38:25,trip-20260929033822-a2e875,END,0.0,0.0,0.0,3,COMPLETED
2026-09-29T10:38:26,trip-20260929033826-16dda7,START,-1.2619176666666667,116.84223483333334,0.0,0,ACTIVE
2026-09-29T10:38:29,trip-20260929033826-16dda7,END,0.0,0.0,0.0,3,COMPLETED
2026-09-29T10:38:31,trip-20260929033831-b49928,START,-1.2619153333333333,116.84223383333334,0.0,0,ACTIVE
2026-09-29T10:38:33,trip-20260929033831-b49928,END,0.0,0.0,0.0,2,COMPLETED
2026-09-29T10:38:35,trip-20260929033835-37e9ec,START,-1.2619148333333334,116.84223166666666,0.0,0,ACTIVE
2026-09-29T10:38:38,trip-20260929033835-37e9ec,END,0.0,0.0,0.0,3,COMPLETED
2026-09-29T10:38:39,trip-20260929033839-996f72,START,-1.2619161666666667,116.84222833333334,0.0,0,ACTIVE
2026-09-29T10:38:42,trip-20260929033839-996f72,END,0.0,0.0,0.0,3,COMPLETED
2026-09-29T10:38:43,trip-20260929033843-da9f00,START,-1.2619106666666666,116.842228,0.0,0,ACTIVE
2026-09-29T10:38:46,trip-20260929033843-da9f00,END,0.0,0.0,0.0,3,COMPLETED
2026-09-29T10:38:48,trip-20260929033848-f18825,START,-1.261908,116.84222766666667,0.0,0,ACTIVE
2026-09-29T10:38:51,trip-20260929033848-f18825,END,0.0,0.0,0.0,3,COMPLETED
2026-09-29T10:38:52,trip-20260929033852-e31d9d,START,-1.2619008333333332,116.84223366666667,0.0,0,ACTIVE
2026-09-29T10:38:55,trip-20260929033852-e31d9d,END,0.0,0.0,0.0,3,COMPLETED
2026-09-29T10:38:57,trip-20260929033857-aade17,START,-1.2619018333333334,116.84224433333333,0.0,0,ACTIVE
2026-09-29T10:39:00,trip-20260929033857-aade17,END,0.0,0.0,0.0,3,COMPLETED
2026-09-29T10:39:01,trip-20260929033901-0e3cb0,START,-1.2618985,116.84224966666666,0.0,0,ACTIVE
2026-09-29T10:39:04,trip-20260929033901-0e3cb0,END,0.0,0.0,0.0,3,COMPLETED
2026-09-29T10:39:06,trip-20260929033906-fc149b,START,-1.2618963333333333,116.842255,0.0,0,ACTIVE
2026-09-29T10:39:09,trip-20260929033906-fc149b,END,0.0,0.0,0.0,3,COMPLETED
2026-09-29T10:39:10,trip-20260929033910-91c2d4,START,-1.2618951666666667,116.8422595,0.0,0,ACTIVE
2026-09-29T10:39:13,trip-20260929033910-91c2d4,END,0.0,0.0,0.0,3,COMPLETED
2026-09-29T10:39:15,trip-20260929033915-11bf28,START,-1.2618968333333334,116.84226266666667,0.0,0,ACTIVE
2026-09-29T10:39:18,trip-20260929033915-11bf28,END,0.0,0.0,0.0,3,COMPLETED
2026-09-29T10:39:20,trip-20260929033920-0a56fc,START,-1.2618946666666666,116.84226566666666,0.0,0,ACTIVE
2026-09-29T10:39:23,trip-20260929033920-0a56fc,END,0.0,0.0,0.0,3,COMPLETED
2026-09-29T10:39:24,trip-20260929033924-d2f7cf,START,-1.2618986666666667,116.84226666666666,0.0,0,ACTIVE
2026-09-29T10:39:27,trip-20260929033924-d2f7cf,END,0.0,0.0,0.0,3,COMPLETED
2026-09-29T10:39:29,trip-20260929033929-ae9957,START,-1.2618981666666667,116.84227283333334,0.0,0,ACTIVE
2026-09-29T10:39:32,trip-20260929033929-ae9957,END,0.0,0.0,0.0,3,COMPLETED
2026-09-29T10:39:34,trip-20260929033934-a2cef7,START,-1.2618983333333333,116.84227783333333,0.0,0,ACTIVE
2026-09-29T10:39:37,trip-20260929033934-a2cef7,END,0.0,0.0,0.0,3,COMPLETED
2026-09-29T10:39:38,trip-20260929033938-c1b85a,START,-1.2619018333333334,116.84228166666666,0.0,0,ACTIVE
2026-09-29T10:39:41,trip-20260929033938-c1b85a,END,0.0,0.0,0.0,3,COMPLETED
2026-09-29T10:39:43,trip-20260929033943-5573e7,START,-1.2619083333333334,116.842285,0.0,0,ACTIVE
2026-09-29T10:39:46,trip-20260929033943-5573e7,END,0.0,0.0,0.0,3,COMPLETED
2026-09-29T10:39:48,trip-20260929033948-dea552,START,-1.26191,116.84227866666667,0.0,0,ACTIVE
2026-09-29T10:39:51,trip-20260929033948-dea552,END,0.0,0.0,0.0,3,COMPLETED
2026-09-29T10:39:53,trip-20260929033953-799ac3,START,-1.261911,116.842283,0.0,0,ACTIVE
2026-09-29T10:39:56,trip-20260929033953-799ac3,END,0.0,0.0,0.0,3,COMPLETED
2026-09-29T10:39:57,trip-20260929033957-20d058,START,-1.2619168333333333,116.84228216666666,0.0,0,ACTIVE
2026-09-29T10:40:01,trip-20260929033957-20d058,END,0.0,0.0,0.0,4,COMPLETED
2026-09-29T10:40:02,trip-20260929034002-f09db3,START,-1.261923,116.84228083333333,0.0,0,ACTIVE
2026-09-29T10:40:05,trip-20260929034002-f09db3,END,0.0,0.0,0.0,3,COMPLETED
2026-09-29T10:40:07,trip-20260929034007-de0c0f,START,-1.2619298333333333,116.84227966666667,0.0,0,ACTIVE
2026-09-29T10:40:10,trip-20260929034007-de0c0f,END,0.0,0.0,0.0,3,COMPLETED
2026-09-29T10:40:11,trip-20260929034011-49ad94,START,-1.2619265,116.84229283333333,0.0,0,ACTIVE
2026-09-29T10:40:15,trip-20260929034011-49ad94,END,0.0,0.0,0.0,4,COMPLETED
2026-09-29T10:40:17,trip-20260929034017-87e238,START,-1.2619231666666666,116.8423025,0.0,0,ACTIVE
2026-09-29T10:40:20,trip-20260929034017-87e238,END,0.0,0.0,0.0,3,COMPLETED
2026-09-29T10:40:22,trip-20260929034022-00bf73,START,-1.2619195,116.84231016666666,0.0,0,ACTIVE
2026-09-29T10:40:25,trip-20260929034022-00bf73,END,0.0,0.0,0.0,3,COMPLETED
2026-09-29T10:40:26,trip-20260929034026-1c4e9d,START,-1.2619258333333334,116.8423085,0.0,0,ACTIVE
2026-09-29T10:40:30,trip-20260929034026-1c4e9d,END,0.0,0.0,0.0,4,COMPLETED
2026-09-29T10:40:31,trip-20260929034031-e5c0b7,START,-1.2619396666666667,116.842298,0.0,0,ACTIVE
2026-09-29T10:40:34,trip-20260929034031-e5c0b7,END,0.0,0.0,0.0,3,COMPLETED
2026-09-29T10:40:36,trip-20260929034036-073522,START,-1.261948,116.84229183333333,0.0,0,ACTIVE
2026-09-29T10:40:39,trip-20260929034036-073522,END,0.0,0.0,0.0,3,COMPLETED
2026-09-29T10:40:41,trip-20260929034041-4af9dd,START,-1.261953,116.84228783333333,0.0,0,ACTIVE
2026-09-29T10:40:44,trip-20260929034041-4af9dd,END,0.0,0.0,0.0,3,COMPLETED
2026-09-29T10:40:46,trip-20260929034046-3651a5,START,-1.2619591666666667,116.84228433333334,0.0,0,ACTIVE
2026-09-29T10:40:49,trip-20260929034046-3651a5,END,0.0,0.0,0.0,3,COMPLETED
2026-09-29T10:40:50,trip-20260929034050-a1e887,START,-1.261964,116.84228233333333,0.0,0,ACTIVE
2026-09-29T10:40:54,trip-20260929034050-a1e887,END,0.0,0.0,0.0,4,COMPLETED
2026-09-29T10:40:55,trip-20260929034055-aeceaf,START,-1.2619695,116.84228133333333,0.0,0,ACTIVE
2026-09-29T10:40:58,trip-20260929034055-aeceaf,END,0.0,0.0,0.0,3,COMPLETED
2026-09-29T10:41:00,trip-20260929034100-a2a957,START,-1.2619738333333332,116.84228066666667,0.0,0,ACTIVE
2026-09-29T10:41:03,trip-20260929034100-a2a957,END,0.0,0.0,0.0,3,COMPLETED
2026-09-29T10:41:05,trip-20260929034105-005dca,START,-1.2619825,116.84227633333333,0.0,0,ACTIVE
2026-09-29T10:41:07,trip-20260929034105-005dca,END,0.0,0.0,0.0,2,COMPLETED
2026-09-29T13:30:13,trip-20260929063013-272671,START,,,0.0,0,ACTIVE
2026-09-29T13:33:35,trip-20260929063013-272671,END,,,0.0,202.0,COMPLETED
2026-09-29T13:39:36,trip-20260929063936-7e1a22,START,,,0.0,0,ACTIVE
2026-09-29T13:41:53,trip-20260929063936-7e1a22,END,,,0.0,137.0,COMPLETED
2026-09-29T13:45:45,trip-20260929064545-3842df,START,,,0.0,0,ACTIVE
2026-09-29T13:52:48,trip-20260929064545-3842df,END,-1.2620241666666667,116.84232766666666,0.0669,423.0,COMPLETED
2026-09-29T14:07:40,trip-20260929070740-bc4501,START,,,0.0,0,ACTIVE
2026-09-29T14:14:29,trip-20260929070740-bc4501,END,-1.2622585,116.8421975,0.0449,409.0,COMPLETED
2026-09-29T14:26:28,trip-20260929072628-a5dc6e,START,,,0.0,0,ACTIVE
2026-09-29T14:26:36,trip-20260929072628-a5dc6e,END,-1.2622096666666667,116.84222633333333,0.0,8.0,COMPLETED
2026-09-29T14:28:58,trip-20260929072858-eb5af6,START,,,0.0,0,ACTIVE
2026-09-29T14:29:07,trip-20260929072858-eb5af6,END,-1.2622745,116.84194916666667,0.0,9.0,COMPLETED
2026-09-29T14:31:51,trip-20260929073151-ac8d5b,START,,,0.0,0,ACTIVE
2026-09-29T14:36:07,trip-20260929073151-ac8d5b,END,-1.2622381666666667,116.84220316666666,0.0364,256.0,COMPLETED
