record_type,trip_id,timestamp,start_timestamp,start_latitude,start_longitude,end_timestamp,end_latitude,end_longitude,duration_s,duration_min,total_distance_km,track_points,gps_start_status,gps_end_status,latitude,longitude,distance_from_previous_m,cumulative_distance_km,gps_status
TRIP_SUMMARY,trip-20260929063013-272671,2026-09-29T13:33:35,2026-09-29T13:30:13,,,2026-09-29T13:33:35,,,202.0,3.37,0.0,0,NO_FIX,NO_FIX,,,,,
TRIP_SUMMARY,trip-20260929063936-7e1a22,2026-09-29T13:41:53,2026-09-29T13:39:36,,,2026-09-29T13:41:53,,,137.0,2.28,0.0,0,NO_FIX,NO_FIX,,,,,
TRACK_POINT,trip-20260929064545-3842df,2026-09-29T13:45:52,,,,,,,,,,,,,-1.2621693333333333,116.84227883333334,0.0,0.0,GPS_VALID
TRACK_POINT,trip-20260929064545-3842df,2026-09-29T13:46:36,,,,,,,,,,,,,-1.2621876666666667,116.84227866666667,2.04,0.002039,GPS_VALID
TRACK_POINT,trip-20260929064545-3842df,2026-09-29T13:47:10,,,,,,,,,,,,,-1.262198,116.84226366666667,2.03,0.004064,GPS_VALID
TRACK_POINT,trip-20260929064545-3842df,2026-09-29T13:47:25,,,,,,,,,,,,,-1.2622176666666667,116.84226883333334,2.26,0.006325,GPS_VALID
TRACK_POINT,trip-20260929064545-3842df,2026-09-29T13:48:24,,,,,,,,,,,,,-1.2622291666666667,116.84228383333334,2.1,0.008426,GPS_VALID
TRACK_POINT,trip-20260929064545-3842df,2026-09-29T13:48:43,,,,,,,,,,,,,-1.2622446666666667,116.84227116666666,2.23,0.010652,GPS_VALID
TRACK_POINT,trip-20260929064545-3842df,2026-09-29T13:49:09,,,,,,,,,,,,,-1.2622523333333333,116.84225483333333,2.01,0.012658,GPS_VALID
TRACK_POINT,trip-20260929064545-3842df,2026-09-29T13:49:28,,,,,,,,,,,,,-1.262265,116.84223883333334,2.27,0.014926,GPS_VALID
TRACK_POINT,trip-20260929064545-3842df,2026-09-29T13:50:21,,,,,,,,,,,,,-1.2622849999999999,116.84225,2.55,0.017473,GPS_VALID
TRACK_POINT,trip-20260929064545-3842df,2026-09-29T13:50:34,,,,,,,,,,,,,-1.2622603333333333,116.84224283333333,2.86,0.02033,GPS_VALID
TRACK_POINT,trip-20260929064545-3842df,2026-09-29T13:50:55,,,,,,,,,,,,,-1.2622433333333334,116.84223633333333,2.02,0.022353,GPS_VALID
TRACK_POINT,trip-20260929064545-3842df,2026-09-29T13:51:29,,,,,,,,,,,,,-1.2622308333333334,116.84221866666667,2.41,0.024759,GPS_VALID
TRACK_POINT,trip-20260929064545-3842df,2026-09-29T13:51:38,,,,,,,,,,,,,-1.2622343333333332,116.84223883333334,2.28,0.027035,GPS_VALID
TRACK_POINT,trip-20260929064545-3842df,2026-09-29T13:51:45,,,,,,,,,,,,,-1.2622200000000001,116.84225033333334,2.04,0.029078,GPS_VALID
TRACK_POINT,trip-20260929064545-3842df,2026-09-29T13:51:54,,,,,,,,,,,,,-1.2621943333333334,116.84225866666667,3.0,0.032078,GPS_VALID
TRACK_POINT,trip-20260929064545-3842df,2026-09-29T13:51:57,,,,,,,,,,,,,-1.2621706666666666,116.84226366666667,2.69,0.034768,GPS_VALID
TRACK_POINT,trip-20260929064545-3842df,2026-09-29T13:52:00,,,,,,,,,,,,,-1.2621891666666667,116.84227066666666,2.2,0.036968,GPS_VALID
TRACK_POINT,trip-20260929064545-3842df,2026-09-29T13:52:03,,,,,,,,,,,,,-1.2622078333333333,116.84227616666666,2.16,0.039131,GPS_VALID
TRACK_POINT,trip-20260929064545-3842df,2026-09-29T13:52:12,,,,,,,,,,,,,-1.2622145,116.84231666666666,4.56,0.043694,GPS_VALID
TRACK_POINT,trip-20260929064545-3842df,2026-09-29T13:52:15,,,,,,,,,,,,,-1.2621901666666666,116.84233633333334,3.48,0.047173,GPS_VALID
TRACK_POINT,trip-20260929064545-3842df,2026-09-29T13:52:19,,,,,,,,,,,,,-1.2621748333333334,116.84234883333333,2.2,0.049372,GPS_VALID
TRACK_POINT,trip-20260929064545-3842df,2026-09-29T13:52:22,,,,,,,,,,,,,-1.262156,116.84234883333333,2.09,0.051467,GPS_VALID
TRACK_POINT,trip-20260929064545-3842df,2026-09-29T13:52:25,,,,,,,,,,,,,-1.2621351666666667,116.84233716666667,2.65,0.054122,GPS_VALID
TRACK_POINT,trip-20260929064545-3842df,2026-09-29T13:52:29,,,,,,,,,,,,,-1.2621146666666667,116.84233283333333,2.33,0.056451,GPS_VALID
TRACK_POINT,trip-20260929064545-3842df,2026-09-29T13:52:35,,,,,,,,,,,,,-1.2620821666666666,116.8423215,3.83,0.060279,GPS_VALID
TRACK_POINT,trip-20260929064545-3842df,2026-09-29T13:52:41,,,,,,,,,,,,,-1.2620481666666667,116.84231933333334,3.79,0.064067,GPS_VALID
TRACK_POINT,trip-20260929064545-3842df,2026-09-29T13:52:48,,,,,,,,,,,,,-1.2620241666666667,116.84232766666666,2.82,0.066892,GPS_VALID
TRIP_SUMMARY,trip-20260929064545-3842df,2026-09-29T13:52:48,2026-09-29T13:45:45,-1.2621693333333333,116.84227883333334,2026-09-29T13:52:48,-1.2620241666666667,116.84232766666666,423.0,7.05,0.066892,27,GPS_VALID,GPS_VALID,,,,,
TRACK_POINT,trip-20260929070740-bc4501,2026-09-29T14:07:46,,,,,,,,,,,,,-1.2622431666666667,116.842201,0.0,0.0,GPS_VALID
TRACK_POINT,trip-20260929070740-bc4501,2026-09-29T14:08:02,,,,,,,,,,,,,-1.2622428333333333,116.84222083333333,2.21,0.002205,GPS_VALID
TRACK_POINT,trip-20260929070740-bc4501,2026-09-29T14:08:26,,,,,,,,,,,,,-1.262248,116.8422385,2.05,0.004251,GPS_VALID
TRACK_POINT,trip-20260929070740-bc4501,2026-09-29T14:08:49,,,,,,,,,,,,,-1.2622515,116.8422565,2.04,0.00629,GPS_VALID
TRACK_POINT,trip-20260929070740-bc4501,2026-09-29T14:09:15,,,,,,,,,,,,,-1.2622443333333333,116.842274,2.1,0.008392,GPS_VALID
TRACK_POINT,trip-20260929070740-bc4501,2026-09-29T14:10:03,,,,,,,,,,,,,-1.2622738333333334,116.84225683333334,3.79,0.012187,GPS_VALID
TRACK_POINT,trip-20260929070740-bc4501,2026-09-29T14:10:10,,,,,,,,,,,,,-1.262294,116.84224483333334,2.61,0.014796,GPS_VALID
TRACK_POINT,trip-20260929070740-bc4501,2026-09-29T14:10:22,,,,,,,,,,,,,-1.2623123333333333,116.84223666666666,2.23,0.017028,GPS_VALID
TRACK_POINT,trip-20260929070740-bc4501,2026-09-29T14:10:36,,,,,,,,,,,,,-1.2623316666666666,116.84222066666666,2.79,0.019818,GPS_VALID
TRACK_POINT,trip-20260929070740-bc4501,2026-09-29T14:11:04,,,,,,,,,,,,,-1.2623433333333334,116.842204,2.26,0.02208,GPS_VALID
TRACK_POINT,trip-20260929070740-bc4501,2026-09-29T14:11:18,,,,,,,,,,,,,-1.2623603333333333,116.8421845,2.88,0.024956,GPS_VALID
TRACK_POINT,trip-20260929070740-bc4501,2026-09-29T14:11:43,,,,,,,,,,,,,-1.2623416666666667,116.84217716666667,2.23,0.027186,GPS_VALID
TRACK_POINT,trip-20260929070740-bc4501,2026-09-29T14:11:52,,,,,,,,,,,,,-1.2623235,116.84218233333333,2.1,0.029286,GPS_VALID
TRACK_POINT,trip-20260929070740-bc4501,2026-09-29T14:12:05,,,,,,,,,,,,,-1.2623421666666665,116.8421815,2.08,0.031364,GPS_VALID
TRACK_POINT,trip-20260929070740-bc4501,2026-09-29T14:12:43,,,,,,,,,,,,,-1.2623518333333332,116.84219783333333,2.11,0.033474,GPS_VALID
TRACK_POINT,trip-20260929070740-bc4501,2026-09-29T14:12:59,,,,,,,,,,,,,-1.2623298333333333,116.8422105,2.82,0.036297,GPS_VALID
TRACK_POINT,trip-20260929070740-bc4501,2026-09-29T14:13:48,,,,,,,,,,,,,-1.2623098333333334,116.842208,2.24,0.038538,GPS_VALID
TRACK_POINT,trip-20260929070740-bc4501,2026-09-29T14:13:58,,,,,,,,,,,,,-1.2622916666666666,116.84220766666667,2.02,0.040558,GPS_VALID
TRACK_POINT,trip-20260929070740-bc4501,2026-09-29T14:14:07,,,,,,,,,,,,,-1.2622715,116.84221066666667,2.27,0.042825,GPS_VALID
TRACK_POINT,trip-20260929070740-bc4501,2026-09-29T14:14:21,,,,,,,,,,,,,-1.2622585,116.8421975,2.06,0.044883,GPS_VALID
TRIP_SUMMARY,trip-20260929070740-bc4501,2026-09-29T14:14:29,2026-09-29T14:07:40,-1.2622431666666667,116.842201,2026-09-29T14:14:29,-1.2622585,116.8421975,409.0,6.82,0.044883,20,GPS_VALID,LAST_VALID_POINT,,,,,
TRACK_POINT,trip-20260929072628-a5dc6e,2026-09-29T14:26:34,,,,,,,,,,,,,-1.26221,116.842227,0.0,0.0,GPS_VALID
TRIP_SUMMARY,trip-20260929072628-a5dc6e,2026-09-29T14:26:36,2026-09-29T14:26:28,-1.26221,116.842227,2026-09-29T14:26:36,-1.2622096666666667,116.84222633333333,8.0,0.13,0.0,1,GPS_VALID,GPS_VALID,,,,,
TRACK_POINT,trip-20260929072858-eb5af6,2026-09-29T14:29:04,,,,,,,,,,,,,-1.2622768333333334,116.84194283333333,0.0,0.0,GPS_VALID
TRIP_SUMMARY,trip-20260929072858-eb5af6,2026-09-29T14:29:07,2026-09-29T14:28:58,-1.2622768333333334,116.84194283333333,2026-09-29T14:29:07,-1.2622745,116.84194916666667,9.0,0.15,0.0,1,GPS_VALID,GPS_VALID,,,,,
TRACK_POINT,trip-20260929073151-ac8d5b,2026-09-29T14:31:57,,,,,,,,,,,,,-1.2622681666666666,116.84201183333333,0.0,0.0,GPS_VALID
TRACK_POINT,trip-20260929073151-ac8d5b,2026-09-29T14:33:07,,,,,,,,,,,,,-1.2622625,116.84205016666667,4.31,0.004308,GPS_VALID
TRACK_POINT,trip-20260929073151-ac8d5b,2026-09-29T14:33:11,,,,,,,,,,,,,-1.2622573333333333,116.84206866666666,2.14,0.006443,GPS_VALID
TRACK_POINT,trip-20260929073151-ac8d5b,2026-09-29T14:33:17,,,,,,,,,,,,,-1.262248,116.842097,3.32,0.009759,GPS_VALID
TRACK_POINT,trip-20260929073151-ac8d5b,2026-09-29T14:33:20,,,,,,,,,,,,,-1.2622408333333333,116.84212016666666,2.7,0.012455,GPS_VALID
TRACK_POINT,trip-20260929073151-ac8d5b,2026-09-29T14:33:33,,,,,,,,,,,,,-1.2622313333333333,116.84214016666667,2.46,0.014917,GPS_VALID
TRACK_POINT,trip-20260929073151-ac8d5b,2026-09-29T14:33:43,,,,,,,,,,,,,-1.2622238333333333,116.84215716666667,2.07,0.016983,GPS_VALID
TRACK_POINT,trip-20260929073151-ac8d5b,2026-09-29T14:33:53,,,,,,,,,,,,,-1.2622185,116.84217833333334,2.43,0.019409,GPS_VALID
TRACK_POINT,trip-20260929073151-ac8d5b,2026-09-29T14:34:46,,,,,,,,,,,,,-1.2622253333333333,116.842156,2.6,0.022006,GPS_VALID
TRACK_POINT,trip-20260929073151-ac8d5b,2026-09-29T14:34:53,,,,,,,,,,,,,-1.2622323333333334,116.8421345,2.51,0.024519,GPS_VALID
TRACK_POINT,trip-20260929073151-ac8d5b,2026-09-29T14:35:05,,,,,,,,,,,,,-1.2622393333333333,116.842113,2.51,0.027033,GPS_VALID
TRACK_POINT,trip-20260929073151-ac8d5b,2026-09-29T14:35:31,,,,,,,,,,,,,-1.2622428333333333,116.84213433333333,2.4,0.029436,GPS_VALID
TRACK_POINT,trip-20260929073151-ac8d5b,2026-09-29T14:35:41,,,,,,,,,,,,,-1.2622376666666666,116.84215483333334,2.35,0.031786,GPS_VALID
TRACK_POINT,trip-20260929073151-ac8d5b,2026-09-29T14:35:50,,,,,,,,,,,,,-1.2622323333333334,116.84217516666666,2.34,0.034123,GPS_VALID
TRACK_POINT,trip-20260929073151-ac8d5b,2026-09-29T14:36:00,,,,,,,,,,,,,-1.2622336666666667,116.842196,2.32,0.036444,GPS_VALID
TRIP_SUMMARY,trip-20260929073151-ac8d5b,2026-09-29T14:36:07,2026-09-29T14:31:51,-1.2622681666666666,116.84201183333333,2026-09-29T14:36:07,-1.2622381666666667,116.84220316666666,256.0,4.27,0.036444,15,GPS_VALID,GPS_VALID,,,,,
TRIP_SUMMARY,trip-20260929090847-cfe4cb,2026-09-29T16:11:17,2026-09-29T16:08:47,,,2026-09-29T16:11:17,,,150.0,2.5,0.0,0,NO_FIX,NO_FIX,,,,,
TRIP_SUMMARY,trip-20260929112748-c6d572,2026-09-29T18:30:10,2026-09-29T18:27:48,,,2026-09-29T18:30:10,,,142.0,2.37,0.0,0,NO_FIX,NO_FIX,,,,,
TRIP_SUMMARY,trip-20260929114324-bcddd7,2026-09-29T18:48:28,2026-09-29T18:43:24,,,2026-09-29T18:48:28,,,304.0,5.07,0.0,0,NO_FIX,NO_FIX,,,,,
TRACK_POINT,trip-20260929151418-42caae,2026-09-29T22:14:46,,,,,,,,,,,,,-1.2765436666666667,116.863067,0.0,0.0,GPS_VALID
TRIP_SUMMARY,trip-20260929151418-42caae,2026-09-29T22:19:25,2026-09-29T22:14:18,-1.2765436666666667,116.863067,2026-09-29T22:19:25,-1.2765418333333334,116.86308016666666,307.0,5.12,0.0,1,GPS_VALID,GPS_VALID,,,,,
TRACK_POINT,trip-20260929152056-3b3b77,2026-09-29T22:21:12,,,,,,,,,,,,,-1.2765696666666666,116.86308366666667,0.0,0.0,GPS_VALID
TRIP_SUMMARY,trip-20260929152056-3b3b77,2026-09-29T22:22:19,2026-09-29T22:20:56,-1.2765696666666666,116.86308366666667,2026-09-29T22:22:19,-1.2765696666666666,116.86308366666667,83.0,1.38,0.0,1,GPS_VALID,LAST_VALID_POINT,,,,,
TRACK_POINT,trip-20260929153108-03e5ce,2026-09-29T22:31:37,,,,,,,,,,,,,-1.276542,116.86308366666667,0.0,0.0,GPS_VALID
TRACK_POINT,trip-20260929153108-03e5ce,2026-09-29T22:35:55,,,,,,,,,,,,,-1.2765271666666667,116.8630665,2.52,0.002522,GPS_VALID
TRACK_POINT,trip-20260929153108-03e5ce,2026-09-29T22:36:39,,,,,,,,,,,,,-1.2765248333333332,116.863048,2.07,0.004595,GPS_VALID
TRACK_POINT,trip-20260929153930-2fc2b5,2026-09-29T22:39:49,,,,,,,,,,,,,-1.2765466666666667,116.86309533333333,0.0,0.0,GPS_VALID
TRIP_SUMMARY,trip-20260929153930-2fc2b5,2026-09-29T22:42:12,2026-09-29T22:39:30,-1.2765466666666667,116.86309533333333,2026-09-29T22:42:12,-1.2765418333333334,116.8630955,162.0,2.7,0.0,1,GPS_VALID,GPS_VALID,,,,,
TRACK_POINT,trip-20260929154444-795944,2026-09-29T22:45:10,,,,,,,,,,,,,-1.2765328333333334,116.863063,0.0,0.0,GPS_VALID
TRIP_SUMMARY,trip-20260929154444-795944,2026-09-29T22:46:35,2026-09-29T22:44:44,-1.2765328333333334,116.863063,2026-09-29T22:46:35,-1.2765288333333333,116.86306633333334,111.0,1.85,0.0,1,GPS_VALID,GPS_VALID,,,,,
TRACK_POINT,trip-20260929160120-c5475e,2026-09-29T23:01:43,,,,,,,,,,,,,-1.2765513333333334,116.86310533333334,0.0,0.0,GPS_VALID
TRIP_SUMMARY,trip-20260929160120-c5475e,2026-09-29T23:04:02,2026-09-29T23:01:20,-1.2765513333333334,116.86310533333334,2026-09-29T23:04:02,-1.2765638333333333,116.86310383333333,162.0,2.7,0.0,1,GPS_VALID,GPS_VALID,,,,,
TRACK_POINT,trip-20260929160618-d21a37,2026-09-29T23:06:45,,,,,,,,,,,,,-1.2765485,116.86308883333334,0.0,0.0,GPS_VALID
TRACK_POINT,trip-20260929160618-d21a37,2026-09-29T23:08:29,,,,,,,,,,,,,-1.276555,116.86307183333334,2.02,0.002023,GPS_VALID
TRACK_POINT,trip-20260929160618-d21a37,2026-09-29T23:09:49,,,,,,,,,,,,,-1.2765508333333333,116.863052,2.25,0.004276,GPS_VALID
TRACK_POINT,trip-20260929160618-d21a37,2026-09-29T23:13:41,,,,,,,,,,,,,-1.2765695,116.863057,2.15,0.006425,GPS_VALID
TRACK_POINT,trip-20260929160618-d21a37,2026-09-29T23:15:08,,,,,,,,,,,,,-1.2765586666666666,116.86304083333333,2.16,0.008589,GPS_VALID
TRACK_POINT,trip-20260929160618-d21a37,2026-09-29T23:18:31,,,,,,,,,,,,,-1.2765683333333333,116.86302466666666,2.09,0.010683,GPS_VALID
TRACK_POINT,trip-20260929160618-d21a37,2026-09-29T23:20:43,,,,,,,,,,,,,-1.2765668333333333,116.863044,2.16,0.012838,GPS_VALID
TRACK_POINT,trip-20260929160618-d21a37,2026-09-29T23:26:29,,,,,,,,,,,,,-1.2765616666666666,116.863064,2.3,0.015135,GPS_VALID
TRACK_POINT,trip-20260929160618-d21a37,2026-09-29T23:27:22,,,,,,,,,,,,,-1.2765645,116.863084,2.25,0.01738,GPS_VALID
TRACK_POINT,trip-20260929160618-d21a37,2026-09-29T23:29:43,,,,,,,,,,,,,-1.2765778333333333,116.86309733333333,2.1,0.019477,GPS_VALID
TRIP_SUMMARY,trip-20260929160618-d21a37,2026-09-29T23:32:38,2026-09-29T23:06:18,-1.2765485,116.86308883333334,2026-09-29T23:32:38,-1.2765778333333333,116.86309733333333,1580.0,26.33,0.019477,10,GPS_VALID,LAST_VALID_POINT,,,,,
TRIP_SUMMARY,trip-20260930054235-00c3e4,2026-09-30T12:48:30,2026-09-30T12:42:35,,,2026-09-30T12:48:30,,,355.0,5.92,0.0,0,NO_FIX,NO_FIX,,,,,
TRIP_SUMMARY,trip-20260930083538-95bccc,2026-09-30T15:36:44,2026-09-30T15:35:38,,,2026-09-30T15:36:44,,,66.0,1.1,0.0,0,NO_FIX,NO_FIX,,,,,
TRIP_SUMMARY,trip-20260930083934-133dfe,2026-09-30T15:39:58,2026-09-30T15:39:34,,,2026-09-30T15:39:58,,,24.0,0.4,0.0,0,NO_FIX,NO_FIX,,,,,
TRIP_SUMMARY,trip-20260930084759-7fa3a9,2026-09-30T15:49:41,2026-09-30T15:47:59,,,2026-09-30T15:49:41,,,102.0,1.7,0.0,0,NO_FIX,NO_FIX,,,,,
TRIP_SUMMARY,trip-20260930111927-66d703,2026-09-30T18:22:21,2026-09-30T18:19:27,,,2026-09-30T18:22:21,,,174.0,2.9,0.0,0,NO_FIX,NO_FIX,,,,,
TRIP_SUMMARY,trip-20260930113942-b07960,2026-09-30T18:41:19,2026-09-30T18:39:42,,,2026-09-30T18:41:19,,,97.0,1.62,0.0,0,NO_FIX,NO_FIX,,,,,
