timestamp,event_id,trip_id,event_type,event_action,timestamp_start,timestamp_end,duration_s,latitude,longitude,end_latitude,end_longitude,gps_status,vibration_g,vibration_threshold_g,tilt_deg,tilt_threshold_deg,tilt_x_deg,tilt_y_deg,tilt_reference_valid,sw420_detected,machine_state,message,trigger_reason
2026-09-29T14:09:49,landslide-20260929070949-7e9c40,trip-20260929070740-bc4501,POTENSI_LONGSOR,DETECTED,,,0.0,-1.2622423333333335,116.8422705,,,GPS_VALID,0.417,0.25,5.8,18.0,-5.8,-5.7,True,False,ON,POTENSI LONGSOR TERDETEKSI,GETARAN MELEBIHI THRESHOLD
2026-09-29T14:09:51,landslide-20260929070949-7e9c40,trip-20260929070740-bc4501,POTENSI_LONGSOR,CLEARED,,2026-09-29T14:09:51,0.0,-1.2622423333333335,116.8422705,,,GPS_VALID,0.417,0.25,5.8,18.0,-5.8,-5.7,True,False,ON,POTENSI LONGSOR TERDETEKSI,GETARAN MELEBIHI THRESHOLD
2026-09-29T14:12:11,landslide-20260929071211-dd0d97,trip-20260929070740-bc4501,POTENSI_LONGSOR,DETECTED,,,0.0,-1.2623475,116.84218166666666,,,GPS_VALID,0.2526,0.25,5.9,18.0,-5.9,-5.0,True,False,ON,POTENSI LONGSOR TERDETEKSI,GETARAN MELEBIHI THRESHOLD
2026-09-29T14:12:13,landslide-20260929071211-dd0d97,trip-20260929070740-bc4501,POTENSI_LONGSOR,CLEARED,,2026-09-29T14:12:13,0.0,-1.2623475,116.84218166666666,,,GPS_VALID,0.2526,0.25,5.9,18.0,-5.9,-5.0,True,False,ON,POTENSI LONGSOR TERDETEKSI,GETARAN MELEBIHI THRESHOLD
2026-09-29T14:12:17,landslide-20260929071217-4735b8,trip-20260929070740-bc4501,POTENSI_LONGSOR,DETECTED,,,0.0,-1.2623515,116.842182,,,GPS_VALID,0.5316,0.25,5.8,18.0,-5.8,-3.2,True,False,ON,POTENSI LONGSOR TERDETEKSI,GETARAN MELEBIHI THRESHOLD
2026-09-29T14:12:19,landslide-20260929071217-4735b8,trip-20260929070740-bc4501,POTENSI_LONGSOR,CLEARED,,2026-09-29T14:12:19,0.0,-1.2623515,116.842182,,,GPS_VALID,0.5316,0.25,5.8,18.0,-5.8,-3.2,True,False,ON,POTENSI LONGSOR TERDETEKSI,GETARAN MELEBIHI THRESHOLD
2026-09-29T14:12:25,landslide-20260929071225-5c10e1,trip-20260929070740-bc4501,POTENSI_LONGSOR,DETECTED,,,0.0,-1.2623488333333333,116.842183,,,GPS_VALID,0.0195,0.25,19.5,18.0,-18.9,19.5,True,False,MATI,POTENSI LONGSOR TERDETEKSI,KEMIRINGAN MELEBIHI THRESHOLD
2026-09-29T14:12:27,landslide-20260929071225-5c10e1,trip-20260929070740-bc4501,POTENSI_LONGSOR,CLEARED,,2026-09-29T14:12:27,0.0,-1.2623488333333333,116.842183,,,GPS_VALID,0.0195,0.25,19.5,18.0,-18.9,19.5,True,False,MATI,POTENSI LONGSOR TERDETEKSI,KEMIRINGAN MELEBIHI THRESHOLD
2026-09-29T14:13:47,landslide-20260929071347-42683c,trip-20260929070740-bc4501,POTENSI_LONGSOR,DETECTED,,,0.0,,,,,NO_FIX,0.2879,0.25,4.1,18.0,-3.7,-4.1,True,False,ON,POTENSI LONGSOR TERDETEKSI,GETARAN MELEBIHI THRESHOLD
2026-09-29T14:13:48,landslide-20260929071347-42683c,trip-20260929070740-bc4501,POTENSI_LONGSOR,CLEARED,,2026-09-29T14:13:48,0.0,,,,,NO_FIX,0.2879,0.25,4.1,18.0,-3.7,-4.1,True,False,ON,POTENSI LONGSOR TERDETEKSI,GETARAN MELEBIHI THRESHOLD
2026-09-29T14:32:18,idle-20260929073218-b000e9,trip-20260929073151-ac8d5b,IDLE,START,2026-09-29T14:32:12,,5.3,-1.2622711666666666,116.84200133333333,,,GPS_VALID,0.1099,,,,,,,False,ON,SEGERA MATIKAN MESIN AGAR BAHAN BAKAR LEBIH HEMAT,
2026-09-29T14:32:20,idle-20260929073218-b000e9,trip-20260929073151-ac8d5b,IDLE,END,2026-09-29T14:32:12,2026-09-29T14:32:20,7.4,-1.2622715,116.84199833333334,-1.262271,116.84200166666666,GPS_VALID,0.0473,,,,,,,False,ON,SEGERA MATIKAN MESIN AGAR BAHAN BAKAR LEBIH HEMAT,
2026-09-29T14:32:30,idle-20260929073230-0b64d7,trip-20260929073151-ac8d5b,IDLE,START,2026-09-29T14:32:25,,5.2,-1.262271,116.84200583333333,,,GPS_VALID,0.036,,,,,,,False,ON,SEGERA MATIKAN MESIN AGAR BAHAN BAKAR LEBIH HEMAT,
2026-09-29T14:32:32,idle-20260929073230-0b64d7,trip-20260929073151-ac8d5b,IDLE,END,2026-09-29T14:32:25,2026-09-29T14:32:32,7.3,-1.2622706666666668,116.84200766666666,-1.2622715,116.842001,GPS_VALID,0.1107,,,,,,,False,ON,SEGERA MATIKAN MESIN AGAR BAHAN BAKAR LEBIH HEMAT,
2026-09-29T14:32:38,idle-20260929073238-a1a417,trip-20260929073151-ac8d5b,IDLE,START,2026-09-29T14:32:33,,5.1,-1.2622725,116.84200316666667,,,GPS_VALID,0.0812,,,,,,,False,ON,SEGERA MATIKAN MESIN AGAR BAHAN BAKAR LEBIH HEMAT,
2026-09-29T14:32:52,landslide-20260929073252-b53cd8,trip-20260929073151-ac8d5b,POTENSI_LONGSOR,DETECTED,,,0.0,-1.2622741666666666,116.84200216666666,,,GPS_VALID,0.3975,0.25,5.0,18.0,-5.0,-4.2,True,False,ON,POTENSI LONGSOR TERDETEKSI,GETARAN MELEBIHI THRESHOLD
2026-09-29T14:32:53,landslide-20260929073252-b53cd8,trip-20260929073151-ac8d5b,POTENSI_LONGSOR,CLEARED,,2026-09-29T14:32:53,0.0,-1.2622741666666666,116.84200216666666,,,GPS_VALID,0.3975,0.25,5.0,18.0,-5.0,-4.2,True,False,ON,POTENSI LONGSOR TERDETEKSI,GETARAN MELEBIHI THRESHOLD
2026-09-29T14:32:55,landslide-20260929073255-56b8ac,trip-20260929073151-ac8d5b,POTENSI_LONGSOR,DETECTED,,,0.0,-1.2622725,116.84201066666667,,,GPS_VALID,0.8241,0.25,6.1,18.0,-6.1,-5.3,True,False,ON,POTENSI LONGSOR TERDETEKSI,GETARAN MELEBIHI THRESHOLD
2026-09-29T14:32:56,landslide-20260929073255-56b8ac,trip-20260929073151-ac8d5b,POTENSI_LONGSOR,CLEARED,,2026-09-29T14:32:56,0.0,-1.2622725,116.84201066666667,,,GPS_VALID,0.8241,0.25,6.1,18.0,-6.1,-5.3,True,False,ON,POTENSI LONGSOR TERDETEKSI,GETARAN MELEBIHI THRESHOLD
2026-09-29T14:32:57,idle-20260929073238-a1a417,trip-20260929073151-ac8d5b,IDLE,END,2026-09-29T14:32:33,2026-09-29T14:32:57,23.6,-1.2622725,116.84201066666667,-1.2622725,116.84201066666667,LAST_VALID_POINT,0.126,,,,,,,False,ON,SEGERA MATIKAN MESIN AGAR BAHAN BAKAR LEBIH HEMAT,
2026-09-29T14:33:01,landslide-20260929073301-e42dd3,trip-20260929073151-ac8d5b,POTENSI_LONGSOR,DETECTED,,,0.0,-1.2622688333333334,116.842024,,,GPS_VALID,0.0332,0.25,22.1,18.0,-21.9,22.1,True,False,ON,POTENSI LONGSOR TERDETEKSI,KEMIRINGAN MELEBIHI THRESHOLD
2026-09-29T14:33:03,landslide-20260929073301-e42dd3,trip-20260929073151-ac8d5b,POTENSI_LONGSOR,CLEARED,,2026-09-29T14:33:03,0.0,-1.2622688333333334,116.842024,,,GPS_VALID,0.0332,0.25,22.1,18.0,-21.9,22.1,True,False,ON,POTENSI LONGSOR TERDETEKSI,KEMIRINGAN MELEBIHI THRESHOLD
2026-09-29T14:33:07,landslide-20260929073307-1b73b0,trip-20260929073151-ac8d5b,POTENSI_LONGSOR,DETECTED,,,0.0,-1.2622625,116.84205016666667,,,GPS_VALID,0.0218,0.25,18.9,18.0,-18.8,18.9,True,False,MATI,POTENSI LONGSOR TERDETEKSI,KEMIRINGAN MELEBIHI THRESHOLD
2026-09-29T14:33:09,landslide-20260929073307-1b73b0,trip-20260929073151-ac8d5b,POTENSI_LONGSOR,CLEARED,,2026-09-29T14:33:09,0.0,-1.2622625,116.84205016666667,,,GPS_VALID,0.0218,0.25,18.9,18.0,-18.8,18.9,True,False,MATI,POTENSI LONGSOR TERDETEKSI,KEMIRINGAN MELEBIHI THRESHOLD
2026-09-29T14:33:25,landslide-20260929073325-01a4cf,trip-20260929073151-ac8d5b,POTENSI_LONGSOR,DETECTED,,,0.0,,,,,NO_FIX,0.3827,0.25,3.5,18.0,-1.2,-3.5,True,False,ON,POTENSI LONGSOR TERDETEKSI,GETARAN MELEBIHI THRESHOLD
2026-09-29T14:33:26,landslide-20260929073325-01a4cf,trip-20260929073151-ac8d5b,POTENSI_LONGSOR,CLEARED,,2026-09-29T14:33:26,0.0,,,,,NO_FIX,0.3827,0.25,3.5,18.0,-1.2,-3.5,True,False,ON,POTENSI LONGSOR TERDETEKSI,GETARAN MELEBIHI THRESHOLD
2026-09-29T14:33:36,idle-20260929073336-5a7afa,trip-20260929073151-ac8d5b,IDLE,START,2026-09-29T14:33:30,,5.9,-1.2622343333333332,116.84213316666667,,,LAST_VALID_POINT,0.1868,,,,,,,False,ON,SEGERA MATIKAN MESIN AGAR BAHAN BAKAR LEBIH HEMAT,
2026-09-29T14:33:38,idle-20260929073336-5a7afa,trip-20260929073151-ac8d5b,IDLE,END,2026-09-29T14:33:30,2026-09-29T14:33:38,8.0,-1.2622288333333334,116.84214483333334,-1.2622288333333334,116.84214483333334,GPS_VALID,0.1816,,,,,,,False,ON,SEGERA MATIKAN MESIN AGAR BAHAN BAKAR LEBIH HEMAT,
2026-09-29T14:34:25,landslide-20260929073425-294361,trip-20260929073151-ac8d5b,POTENSI_LONGSOR,DETECTED,,,0.0,-1.262219,116.842193,,,GPS_VALID,0.4951,0.25,4.0,18.0,-1.8,-4.0,True,False,ON,POTENSI LONGSOR TERDETEKSI,GETARAN MELEBIHI THRESHOLD
2026-09-29T14:34:26,landslide-20260929073425-294361,trip-20260929073151-ac8d5b,POTENSI_LONGSOR,CLEARED,,2026-09-29T14:34:26,0.0,-1.262219,116.842193,,,GPS_VALID,0.4951,0.25,4.0,18.0,-1.8,-4.0,True,False,ON,POTENSI LONGSOR TERDETEKSI,GETARAN MELEBIHI THRESHOLD
2026-09-29T14:35:23,landslide-20260929073523-0a2e7d,trip-20260929073151-ac8d5b,POTENSI_LONGSOR,DETECTED,,,0.0,-1.2622435,116.84212,,,GPS_VALID,0.2755,0.25,3.2,18.0,-1.0,-3.2,True,False,ON,POTENSI LONGSOR TERDETEKSI,GETARAN MELEBIHI THRESHOLD
2026-09-29T14:35:24,landslide-20260929073523-0a2e7d,trip-20260929073151-ac8d5b,POTENSI_LONGSOR,CLEARED,,2026-09-29T14:35:24,0.0,-1.2622435,116.84212,,,GPS_VALID,0.2755,0.25,3.2,18.0,-1.0,-3.2,True,False,ON,POTENSI LONGSOR TERDETEKSI,GETARAN MELEBIHI THRESHOLD
2026-09-29T14:35:26,landslide-20260929073526-a0dacd,trip-20260929073151-ac8d5b,POTENSI_LONGSOR,DETECTED,,,0.0,-1.262244,116.8421195,,,GPS_VALID,0.3441,0.25,3.8,18.0,-1.8,-3.8,True,False,ON,POTENSI LONGSOR TERDETEKSI,GETARAN MELEBIHI THRESHOLD
2026-09-29T14:35:27,landslide-20260929073526-a0dacd,trip-20260929073151-ac8d5b,POTENSI_LONGSOR,CLEARED,,2026-09-29T14:35:27,0.0,-1.262244,116.8421195,,,GPS_VALID,0.3441,0.25,3.8,18.0,-1.8,-3.8,True,False,ON,POTENSI LONGSOR TERDETEKSI,GETARAN MELEBIHI THRESHOLD
2026-09-29T14:35:38,idle-20260929073538-816bcf,trip-20260929073151-ac8d5b,IDLE,START,2026-09-29T14:35:32,,5.4,-1.2622406666666666,116.842148,,,GPS_VALID,0.118,,,,,,,False,ON,SEGERA MATIKAN MESIN AGAR BAHAN BAKAR LEBIH HEMAT,
2026-09-29T14:35:40,idle-20260929073538-816bcf,trip-20260929073151-ac8d5b,IDLE,END,2026-09-29T14:35:32,2026-09-29T14:35:40,7.4,-1.2622406666666666,116.842148,-1.2622406666666666,116.842148,LAST_VALID_POINT,0.1035,,,,,,,False,ON,SEGERA MATIKAN MESIN AGAR BAHAN BAKAR LEBIH HEMAT,
2026-09-29T16:09:40,landslide-20260929090940-6132da,trip-20260929090847-cfe4cb,POTENSI_LONGSOR,DETECTED,,,0.0,,,,,NO_FIX,0.2667,0.25,5.0,18.0,-3.2,-5.0,True,False,ON,POTENSI LONGSOR TERDETEKSI,GETARAN MELEBIHI THRESHOLD
2026-09-29T16:09:42,landslide-20260929090940-6132da,trip-20260929090847-cfe4cb,POTENSI_LONGSOR,CLEARED,,2026-09-29T16:09:42,0.0,,,,,NO_FIX,0.2667,0.25,5.0,18.0,-3.2,-5.0,True,False,ON,POTENSI LONGSOR TERDETEKSI,GETARAN MELEBIHI THRESHOLD
2026-09-29T16:09:50,landslide-20260929090950-40449b,trip-20260929090847-cfe4cb,POTENSI_LONGSOR,DETECTED,,,0.0,,,,,NO_FIX,0.2622,0.25,5.0,18.0,-2.9,-5.0,True,False,ON,POTENSI LONGSOR TERDETEKSI,GETARAN MELEBIHI THRESHOLD
2026-09-29T16:09:52,landslide-20260929090950-40449b,trip-20260929090847-cfe4cb,POTENSI_LONGSOR,CLEARED,,2026-09-29T16:09:52,0.0,,,,,NO_FIX,0.2622,0.25,5.0,18.0,-2.9,-5.0,True,False,ON,POTENSI LONGSOR TERDETEKSI,GETARAN MELEBIHI THRESHOLD
2026-09-29T16:10:12,landslide-20260929091012-d93ff9,trip-20260929090847-cfe4cb,POTENSI_LONGSOR,DETECTED,,,0.0,,,,,NO_FIX,0.4293,0.25,4.5,18.0,-3.5,-4.5,True,False,ON,POTENSI LONGSOR TERDETEKSI,GETARAN MELEBIHI THRESHOLD
2026-09-29T16:10:14,landslide-20260929091012-d93ff9,trip-20260929090847-cfe4cb,POTENSI_LONGSOR,CLEARED,,2026-09-29T16:10:14,0.0,,,,,NO_FIX,0.4293,0.25,4.5,18.0,-3.5,-4.5,True,False,ON,POTENSI LONGSOR TERDETEKSI,GETARAN MELEBIHI THRESHOLD
2026-09-29T16:10:19,landslide-20260929091019-27063f,trip-20260929090847-cfe4cb,POTENSI_LONGSOR,DETECTED,,,0.0,,,,,NO_FIX,0.3412,0.25,4.8,18.0,-4.2,-4.8,True,False,ON,POTENSI LONGSOR TERDETEKSI,GETARAN MELEBIHI THRESHOLD
2026-09-29T16:10:20,landslide-20260929091019-27063f,trip-20260929090847-cfe4cb,POTENSI_LONGSOR,CLEARED,,2026-09-29T16:10:20,0.0,,,,,NO_FIX,0.3412,0.25,4.8,18.0,-4.2,-4.8,True,False,ON,POTENSI LONGSOR TERDETEKSI,GETARAN MELEBIHI THRESHOLD
2026-09-29T18:28:02,landslide-20260929112802-664741,trip-20260929112748-c6d572,POTENSI_LONGSOR,DETECTED,,,0.0,,,,,NO_FIX,0.0161,0.25,45.6,18.0,-45.6,4.4,True,False,MATI,POTENSI LONGSOR TERDETEKSI,KEMIRINGAN MELEBIHI THRESHOLD
2026-09-29T18:28:07,landslide-20260929112802-664741,trip-20260929112748-c6d572,POTENSI_LONGSOR,CLEARED,,2026-09-29T18:28:07,0.0,,,,,NO_FIX,0.0161,0.25,45.6,18.0,-45.6,4.4,True,False,MATI,POTENSI LONGSOR TERDETEKSI,KEMIRINGAN MELEBIHI THRESHOLD
2026-09-29T18:28:58,idle-20260929112858-3aacae,trip-20260929112748-c6d572,IDLE,START,2026-09-29T18:28:52,,5.5,,,,,NO_FIX,0.0318,,,,,,,False,ON,SEGERA MATIKAN MESIN AGAR BAHAN BAKAR LEBIH HEMAT,
2026-09-29T18:29:01,idle-20260929112858-3aacae,trip-20260929112748-c6d572,IDLE,END,2026-09-29T18:28:52,2026-09-29T18:29:01,8.4,,,,,NO_FIX,0.0329,,,,,,,False,ON,SEGERA MATIKAN MESIN AGAR BAHAN BAKAR LEBIH HEMAT,
2026-09-29T18:29:12,idle-20260929112912-788981,trip-20260929112748-c6d572,IDLE,START,2026-09-29T18:29:05,,6.4,,,,,NO_FIX,0.0306,,,,,,,False,ON,SEGERA MATIKAN MESIN AGAR BAHAN BAKAR LEBIH HEMAT,
2026-09-29T18:29:18,idle-20260929112912-788981,trip-20260929112748-c6d572,IDLE,END,2026-09-29T18:29:05,2026-09-29T18:29:18,12.7,,,,,NO_FIX,0.0366,,,,,,,False,ON,SEGERA MATIKAN MESIN AGAR BAHAN BAKAR LEBIH HEMAT,
2026-09-29T18:44:09,idle-20260929114409-eaa70b,trip-20260929114324-bcddd7,IDLE,START,2026-09-29T18:44:03,,5.9,,,,,NO_FIX,0.0338,,,,,,,False,ON,SEGERA MATIKAN MESIN AGAR BAHAN BAKAR LEBIH HEMAT,
2026-09-29T18:44:11,idle-20260929114409-eaa70b,trip-20260929114324-bcddd7,IDLE,END,2026-09-29T18:44:03,2026-09-29T18:44:11,7.9,,,,,NO_FIX,0.0338,,,,,,,False,ON,SEGERA MATIKAN MESIN AGAR BAHAN BAKAR LEBIH HEMAT,
2026-09-29T18:44:21,idle-20260929114421-cb458d,trip-20260929114324-bcddd7,IDLE,START,2026-09-29T18:44:14,,6.5,,,,,NO_FIX,0.0325,,,,,,,False,ON,SEGERA MATIKAN MESIN AGAR BAHAN BAKAR LEBIH HEMAT,
2026-09-29T18:44:23,idle-20260929114421-cb458d,trip-20260929114324-bcddd7,IDLE,END,2026-09-29T18:44:14,2026-09-29T18:44:23,8.1,,,,,NO_FIX,0.0325,,,,,,,False,ON,SEGERA MATIKAN MESIN AGAR BAHAN BAKAR LEBIH HEMAT,
2026-09-29T18:44:29,idle-20260929114429-7546c0,trip-20260929114324-bcddd7,IDLE,START,2026-09-29T18:44:24,,5.1,,,,,NO_FIX,0.0336,,,,,,,False,ON,SEGERA MATIKAN MESIN AGAR BAHAN BAKAR LEBIH HEMAT,
2026-09-29T18:44:31,idle-20260929114429-7546c0,trip-20260929114324-bcddd7,IDLE,END,2026-09-29T18:44:24,2026-09-29T18:44:31,7.4,,,,,NO_FIX,0.0336,,,,,,,False,ON,SEGERA MATIKAN MESIN AGAR BAHAN BAKAR LEBIH HEMAT,
2026-09-29T22:18:52,landslide-20260929151852-506225,trip-20260929151418-42caae,POTENSI_LONGSOR,DETECTED,,,0.0,-1.2765493333333333,116.8630805,,,GPS_VALID,0.0097,0.25,28.2,18.0,-28.2,10.9,True,False,MATI,POTENSI LONGSOR TERDETEKSI,KEMIRINGAN MELEBIHI THRESHOLD
2026-09-29T22:19:09,landslide-20260929151852-506225,trip-20260929151418-42caae,POTENSI_LONGSOR,CLEARED,,2026-09-29T22:19:09,0.0,-1.2765493333333333,116.8630805,,,GPS_VALID,0.0097,0.25,28.2,18.0,-28.2,10.9,True,False,MATI,POTENSI LONGSOR TERDETEKSI,KEMIRINGAN MELEBIHI THRESHOLD
2026-09-29T22:33:20,landslide-20260929153320-9a8556,trip-20260929153108-03e5ce,POTENSI_LONGSOR,DETECTED,,,0.0,,,,,NO_FIX,0.3086,0.25,1.4,18.0,-1.4,-0.6,True,False,ON,POTENSI LONGSOR TERDETEKSI,GETARAN MELEBIHI THRESHOLD
2026-09-29T22:33:22,landslide-20260929153320-9a8556,trip-20260929153108-03e5ce,POTENSI_LONGSOR,CLEARED,,2026-09-29T22:33:22,0.0,,,,,NO_FIX,0.3086,0.25,1.4,18.0,-1.4,-0.6,True,False,ON,POTENSI LONGSOR TERDETEKSI,GETARAN MELEBIHI THRESHOLD
2026-09-29T23:16:29,idle-20260929161629-d95c65,trip-20260929160618-d21a37,IDLE,START,2026-09-29T23:16:23,,6.0,-1.2765548333333334,116.86303883333333,,,GPS_VALID,0.215,,,,,,,False,ON,SEGERA MATIKAN MESIN AGAR BAHAN BAKAR LEBIH HEMAT,
2026-09-29T23:16:33,landslide-20260929161633-24f2b3,trip-20260929160618-d21a37,POTENSI_LONGSOR,DETECTED,,,0.0,,,,,NO_FIX,0.3017,0.25,4.5,18.0,-4.5,1.8,True,False,ON,POTENSI LONGSOR TERDETEKSI,GETARAN MELEBIHI THRESHOLD
2026-09-29T23:16:37,landslide-20260929161633-24f2b3,trip-20260929160618-d21a37,POTENSI_LONGSOR,CLEARED,,2026-09-29T23:16:37,0.0,,,,,NO_FIX,0.3017,0.25,4.5,18.0,-4.5,1.8,True,False,ON,POTENSI LONGSOR TERDETEKSI,GETARAN MELEBIHI THRESHOLD
2026-09-29T23:16:59,landslide-20260929161659-9d577c,trip-20260929160618-d21a37,POTENSI_LONGSOR,DETECTED,,,0.0,,,,,NO_FIX,0.2543,0.25,4.8,18.0,-4.8,3.3,True,False,ON,POTENSI LONGSOR TERDETEKSI,GETARAN MELEBIHI THRESHOLD
2026-09-29T23:16:59,idle-20260929161629-d95c65,trip-20260929160618-d21a37,IDLE,UPDATE,2026-09-29T23:16:23,,36.6,-1.2765536666666666,116.863037,,,LAST_VALID_POINT,0.2543,,,,,,,False,ON,SEGERA MATIKAN MESIN AGAR BAHAN BAKAR LEBIH HEMAT,
2026-09-29T23:17:01,landslide-20260929161659-9d577c,trip-20260929160618-d21a37,POTENSI_LONGSOR,CLEARED,,2026-09-29T23:17:01,0.0,,,,,NO_FIX,0.2543,0.25,4.8,18.0,-4.8,3.3,True,False,ON,POTENSI LONGSOR TERDETEKSI,GETARAN MELEBIHI THRESHOLD
2026-09-29T23:17:03,landslide-20260929161703-b543f8,trip-20260929160618-d21a37,POTENSI_LONGSOR,DETECTED,,,0.0,-1.276558,116.863044,,,GPS_VALID,0.3122,0.25,4.3,18.0,-4.3,1.3,True,False,ON,POTENSI LONGSOR TERDETEKSI,GETARAN MELEBIHI THRESHOLD
2026-09-29T23:17:16,landslide-20260929161703-b543f8,trip-20260929160618-d21a37,POTENSI_LONGSOR,CLEARED,,2026-09-29T23:17:16,0.0,-1.276558,116.863044,,,GPS_VALID,0.3122,0.25,4.3,18.0,-4.3,1.3,True,False,ON,POTENSI LONGSOR TERDETEKSI,GETARAN MELEBIHI THRESHOLD
2026-09-29T23:17:18,landslide-20260929161718-7eeb23,trip-20260929160618-d21a37,POTENSI_LONGSOR,DETECTED,,,0.0,,,,,NO_FIX,0.2582,0.25,5.0,18.0,-5.0,1.6,True,False,ON,POTENSI LONGSOR TERDETEKSI,GETARAN MELEBIHI THRESHOLD
2026-09-29T23:17:24,landslide-20260929161718-7eeb23,trip-20260929160618-d21a37,POTENSI_LONGSOR,CLEARED,,2026-09-29T23:17:24,0.0,,,,,NO_FIX,0.2582,0.25,5.0,18.0,-5.0,1.6,True,False,ON,POTENSI LONGSOR TERDETEKSI,GETARAN MELEBIHI THRESHOLD
2026-09-29T23:17:28,idle-20260929161629-d95c65,trip-20260929160618-d21a37,IDLE,END,2026-09-29T23:16:23,2026-09-29T23:17:28,65.6,-1.2765571666666666,116.86303966666667,-1.2765571666666666,116.86303966666667,GPS_VALID,0.2437,,,,,,,False,ON,SEGERA MATIKAN MESIN AGAR BAHAN BAKAR LEBIH HEMAT,
2026-09-29T23:17:49,idle-20260929161749-21ebc7,trip-20260929160618-d21a37,IDLE,START,2026-09-29T23:17:44,,5.1,-1.2765595,116.863036,,,GPS_VALID,0.0759,,,,,,,False,ON,SEGERA MATIKAN MESIN AGAR BAHAN BAKAR LEBIH HEMAT,
2026-09-29T23:17:53,idle-20260929161749-21ebc7,trip-20260929160618-d21a37,IDLE,END,2026-09-29T23:17:44,2026-09-29T23:17:53,9.1,-1.2765595,116.863036,-1.2765595,116.863036,LAST_VALID_POINT,0.0724,,,,,,,False,ON,SEGERA MATIKAN MESIN AGAR BAHAN BAKAR LEBIH HEMAT,
2026-09-29T23:18:51,landslide-20260929161851-0ea42c,trip-20260929160618-d21a37,POTENSI_LONGSOR,DETECTED,,,0.0,-1.276569,116.86301933333333,,,GPS_VALID,0.3862,0.25,4.3,18.0,-4.3,2.0,True,False,ON,POTENSI LONGSOR TERDETEKSI,GETARAN MELEBIHI THRESHOLD
2026-09-29T23:18:51,idle-20260929161851-042cb6,trip-20260929160618-d21a37,IDLE,START,2026-09-29T23:18:45,,6.2,-1.276569,116.86301933333333,,,GPS_VALID,0.3862,,,,,,,False,ON,SEGERA MATIKAN MESIN AGAR BAHAN BAKAR LEBIH HEMAT,
2026-09-29T23:19:00,landslide-20260929161851-0ea42c,trip-20260929160618-d21a37,POTENSI_LONGSOR,CLEARED,,2026-09-29T23:19:00,0.0,-1.276569,116.86301933333333,,,GPS_VALID,0.3862,0.25,4.3,18.0,-4.3,2.0,True,False,ON,POTENSI LONGSOR TERDETEKSI,GETARAN MELEBIHI THRESHOLD
2026-09-29T23:19:19,landslide-20260929161919-21d01c,trip-20260929160618-d21a37,POTENSI_LONGSOR,DETECTED,,,0.0,,,,,NO_FIX,0.2897,0.25,3.1,18.0,-2.6,3.1,True,False,ON,POTENSI LONGSOR TERDETEKSI,GETARAN MELEBIHI THRESHOLD
2026-09-29T23:19:21,landslide-20260929161919-21d01c,trip-20260929160618-d21a37,POTENSI_LONGSOR,CLEARED,,2026-09-29T23:19:21,0.0,,,,,NO_FIX,0.2897,0.25,3.1,18.0,-2.6,3.1,True,False,ON,POTENSI LONGSOR TERDETEKSI,GETARAN MELEBIHI THRESHOLD
2026-09-29T23:19:22,idle-20260929161851-042cb6,trip-20260929160618-d21a37,IDLE,UPDATE,2026-09-29T23:18:45,,37.4,-1.276572,116.863019,,,GPS_VALID,0.0328,,,,,,,False,ON,SEGERA MATIKAN MESIN AGAR BAHAN BAKAR LEBIH HEMAT,
2026-09-29T23:19:30,landslide-20260929161930-9f8ec2,trip-20260929160618-d21a37,POTENSI_LONGSOR,DETECTED,,,0.0,,,,,NO_FIX,0.381,0.25,4.8,18.0,-4.8,-1.5,True,False,ON,POTENSI LONGSOR TERDETEKSI,GETARAN MELEBIHI THRESHOLD
2026-09-29T23:19:34,landslide-20260929161930-9f8ec2,trip-20260929160618-d21a37,POTENSI_LONGSOR,CLEARED,,2026-09-29T23:19:34,0.0,,,,,NO_FIX,0.381,0.25,4.8,18.0,-4.8,-1.5,True,False,ON,POTENSI LONGSOR TERDETEKSI,GETARAN MELEBIHI THRESHOLD
2026-09-29T23:19:37,landslide-20260929161937-540bc8,trip-20260929160618-d21a37,POTENSI_LONGSOR,DETECTED,,,0.0,,,,,NO_FIX,0.2504,0.25,1.9,18.0,-1.9,-0.6,True,False,ON,POTENSI LONGSOR TERDETEKSI,GETARAN MELEBIHI THRESHOLD
2026-09-29T23:19:40,landslide-20260929161937-540bc8,trip-20260929160618-d21a37,POTENSI_LONGSOR,CLEARED,,2026-09-29T23:19:40,0.0,,,,,NO_FIX,0.2504,0.25,1.9,18.0,-1.9,-0.6,True,False,ON,POTENSI LONGSOR TERDETEKSI,GETARAN MELEBIHI THRESHOLD
2026-09-29T23:19:44,landslide-20260929161944-32cd6f,trip-20260929160618-d21a37,POTENSI_LONGSOR,DETECTED,,,0.0,,,,,NO_FIX,0.2577,0.25,5.5,18.0,-5.5,1.0,True,False,ON,POTENSI LONGSOR TERDETEKSI,GETARAN MELEBIHI THRESHOLD
2026-09-29T23:19:46,landslide-20260929161944-32cd6f,trip-20260929160618-d21a37,POTENSI_LONGSOR,CLEARED,,2026-09-29T23:19:46,0.0,,,,,NO_FIX,0.2577,0.25,5.5,18.0,-5.5,1.0,True,False,ON,POTENSI LONGSOR TERDETEKSI,GETARAN MELEBIHI THRESHOLD
2026-09-29T23:19:53,idle-20260929161851-042cb6,trip-20260929160618-d21a37,IDLE,UPDATE,2026-09-29T23:18:45,,67.5,-1.2765718333333334,116.86302433333333,,,GPS_VALID,0.0985,,,,,,,False,ON,SEGERA MATIKAN MESIN AGAR BAHAN BAKAR LEBIH HEMAT,
2026-09-29T23:20:03,landslide-20260929162003-4936ce,trip-20260929160618-d21a37,POTENSI_LONGSOR,DETECTED,,,0.0,,,,,NO_FIX,0.2805,0.25,9.0,18.0,-9.0,1.6,True,False,ON,POTENSI LONGSOR TERDETEKSI,GETARAN MELEBIHI THRESHOLD
2026-09-29T23:20:05,landslide-20260929162003-4936ce,trip-20260929160618-d21a37,POTENSI_LONGSOR,CLEARED,,2026-09-29T23:20:05,0.0,,,,,NO_FIX,0.2805,0.25,9.0,18.0,-9.0,1.6,True,False,ON,POTENSI LONGSOR TERDETEKSI,GETARAN MELEBIHI THRESHOLD
2026-09-29T23:20:12,idle-20260929161851-042cb6,trip-20260929160618-d21a37,IDLE,END,2026-09-29T23:18:45,2026-09-29T23:20:12,86.7,-1.2765678333333332,116.86302066666667,-1.2765703333333334,116.86303316666667,GPS_VALID,0.2142,,,,,,,False,ON,SEGERA MATIKAN MESIN AGAR BAHAN BAKAR LEBIH HEMAT,
2026-09-29T23:20:21,idle-20260929162021-7a14ec,trip-20260929160618-d21a37,IDLE,START,2026-09-29T23:20:14,,6.5,-1.2765681666666666,116.863035,,,GPS_VALID,0.1876,,,,,,,False,ON,SEGERA MATIKAN MESIN AGAR BAHAN BAKAR LEBIH HEMAT,
2026-09-29T23:20:31,landslide-20260929162031-e47ba8,trip-20260929160618-d21a37,POTENSI_LONGSOR,DETECTED,,,0.0,-1.2765673333333334,116.86303783333334,,,GPS_VALID,0.2549,0.25,8.4,18.0,-8.4,1.9,True,False,ON,POTENSI LONGSOR TERDETEKSI,GETARAN MELEBIHI THRESHOLD
2026-09-29T23:20:33,landslide-20260929162031-e47ba8,trip-20260929160618-d21a37,POTENSI_LONGSOR,CLEARED,,2026-09-29T23:20:33,0.0,-1.2765673333333334,116.86303783333334,,,GPS_VALID,0.2549,0.25,8.4,18.0,-8.4,1.9,True,False,ON,POTENSI LONGSOR TERDETEKSI,GETARAN MELEBIHI THRESHOLD
2026-09-29T23:20:49,landslide-20260929162049-c44c18,trip-20260929160618-d21a37,POTENSI_LONGSOR,DETECTED,,,0.0,-1.2765666666666666,116.863045,,,GPS_VALID,0.1395,0.25,24.0,18.0,-24.0,2.8,True,False,ON,POTENSI LONGSOR TERDETEKSI,KEMIRINGAN MELEBIHI THRESHOLD
2026-09-29T23:20:51,idle-20260929162021-7a14ec,trip-20260929160618-d21a37,IDLE,UPDATE,2026-09-29T23:20:14,,37.0,-1.2765666666666666,116.863045,,,GPS_VALID,0.0682,,,,,,,False,ON,SEGERA MATIKAN MESIN AGAR BAHAN BAKAR LEBIH HEMAT,
2026-09-29T23:20:57,idle-20260929162021-7a14ec,trip-20260929160618-d21a37,IDLE,END,2026-09-29T23:20:14,2026-09-29T23:20:57,42.7,-1.2765653333333333,116.86304783333334,-1.2765653333333333,116.86304783333334,GPS_VALID,0.0337,,,,,,,False,ON,SEGERA MATIKAN MESIN AGAR BAHAN BAKAR LEBIH HEMAT,
2026-09-29T23:21:04,landslide-20260929162049-c44c18,trip-20260929160618-d21a37,POTENSI_LONGSOR,CLEARED,,2026-09-29T23:21:04,0.0,-1.2765666666666666,116.863045,,,GPS_VALID,0.1395,0.25,24.0,18.0,-24.0,2.8,True,False,ON,POTENSI LONGSOR TERDETEKSI,KEMIRINGAN MELEBIHI THRESHOLD
2026-09-29T23:21:43,idle-20260929162143-951d6d,trip-20260929160618-d21a37,IDLE,START,2026-09-29T23:21:36,,6.8,-1.2765608333333334,116.86304833333334,,,GPS_VALID,0.0321,,,,,,,False,ON,SEGERA MATIKAN MESIN AGAR BAHAN BAKAR LEBIH HEMAT,
2026-09-29T23:21:53,landslide-20260929162153-f5a7b2,trip-20260929160618-d21a37,POTENSI_LONGSOR,DETECTED,,,0.0,,,,,NO_FIX,0.3262,0.25,7.8,18.0,-7.8,3.2,True,False,ON,POTENSI LONGSOR TERDETEKSI,GETARAN MELEBIHI THRESHOLD
2026-09-29T23:21:56,landslide-20260929162153-f5a7b2,trip-20260929160618-d21a37,POTENSI_LONGSOR,CLEARED,,2026-09-29T23:21:56,0.0,,,,,NO_FIX,0.3262,0.25,7.8,18.0,-7.8,3.2,True,False,ON,POTENSI LONGSOR TERDETEKSI,GETARAN MELEBIHI THRESHOLD
2026-09-29T23:22:04,landslide-20260929162204-3cd6c9,trip-20260929160618-d21a37,POTENSI_LONGSOR,DETECTED,,,0.0,-1.2765596666666665,116.86304766666666,,,GPS_VALID,0.6077,0.25,9.3,18.0,-9.3,3.6,True,False,ON,POTENSI LONGSOR TERDETEKSI,GETARAN MELEBIHI THRESHOLD
2026-09-29T23:22:06,landslide-20260929162204-3cd6c9,trip-20260929160618-d21a37,POTENSI_LONGSOR,CLEARED,,2026-09-29T23:22:06,0.0,-1.2765596666666665,116.86304766666666,,,GPS_VALID,0.6077,0.25,9.3,18.0,-9.3,3.6,True,False,ON,POTENSI LONGSOR TERDETEKSI,GETARAN MELEBIHI THRESHOLD
2026-09-29T23:22:13,idle-20260929162143-951d6d,trip-20260929160618-d21a37,IDLE,END,2026-09-29T23:21:36,2026-09-29T23:22:13,36.7,-1.276561,116.86304616666666,-1.276561,116.86304616666666,GPS_VALID,0.0483,,,,,,,False,ON,SEGERA MATIKAN MESIN AGAR BAHAN BAKAR LEBIH HEMAT,
2026-09-29T23:22:21,idle-20260929162221-fd80e2,trip-20260929160618-d21a37,IDLE,START,2026-09-29T23:22:15,,6.4,-1.2765618333333333,116.863044,,,LAST_VALID_POINT,0.1275,,,,,,,False,ON,SEGERA MATIKAN MESIN AGAR BAHAN BAKAR LEBIH HEMAT,
2026-09-29T23:22:30,idle-20260929162221-fd80e2,trip-20260929160618-d21a37,IDLE,END,2026-09-29T23:22:15,2026-09-29T23:22:30,15.0,-1.2765616666666666,116.86304483333333,-1.2765616666666666,116.86304483333333,LAST_VALID_POINT,0.0358,,,,,,,False,ON,SEGERA MATIKAN MESIN AGAR BAHAN BAKAR LEBIH HEMAT,
2026-09-29T23:23:19,landslide-20260929162319-464fb3,trip-20260929160618-d21a37,POTENSI_LONGSOR,DETECTED,,,0.0,-1.2765636666666667,116.86305216666666,,,GPS_VALID,0.2775,0.25,6.1,18.0,-6.1,2.4,True,False,ON,POTENSI LONGSOR TERDETEKSI,GETARAN MELEBIHI THRESHOLD
2026-09-29T23:23:21,landslide-20260929162319-464fb3,trip-20260929160618-d21a37,POTENSI_LONGSOR,CLEARED,,2026-09-29T23:23:21,0.0,-1.2765636666666667,116.86305216666666,,,GPS_VALID,0.2775,0.25,6.1,18.0,-6.1,2.4,True,False,ON,POTENSI LONGSOR TERDETEKSI,GETARAN MELEBIHI THRESHOLD
2026-09-29T23:23:23,idle-20260929162323-441a96,trip-20260929160618-d21a37,IDLE,START,2026-09-29T23:23:17,,5.8,-1.2765625,116.86305333333334,,,GPS_VALID,0.0895,,,,,,,False,ON,SEGERA MATIKAN MESIN AGAR BAHAN BAKAR LEBIH HEMAT,
2026-09-29T23:23:25,idle-20260929162323-441a96,trip-20260929160618-d21a37,IDLE,END,2026-09-29T23:23:17,2026-09-29T23:23:25,7.7,-1.2765625,116.86305333333334,-1.2765625,116.86305333333334,GPS_VALID,0.0895,,,,,,,False,ON,SEGERA MATIKAN MESIN AGAR BAHAN BAKAR LEBIH HEMAT,
2026-09-29T23:23:30,landslide-20260929162330-27c89d,trip-20260929160618-d21a37,POTENSI_LONGSOR,DETECTED,,,0.0,-1.2765623333333334,116.8630535,,,GPS_VALID,0.2644,0.25,4.8,18.0,-4.8,1.7,True,False,ON,POTENSI LONGSOR TERDETEKSI,GETARAN MELEBIHI THRESHOLD
2026-09-29T23:23:34,idle-20260929162334-0841fe,trip-20260929160618-d21a37,IDLE,START,2026-09-29T23:23:28,,6.1,-1.2765623333333334,116.8630535,,,LAST_VALID_POINT,0.4045,,,,,,,False,ON,SEGERA MATIKAN MESIN AGAR BAHAN BAKAR LEBIH HEMAT,
2026-09-29T23:23:36,landslide-20260929162330-27c89d,trip-20260929160618-d21a37,POTENSI_LONGSOR,CLEARED,,2026-09-29T23:23:36,0.0,-1.2765623333333334,116.8630535,,,GPS_VALID,0.2644,0.25,4.8,18.0,-4.8,1.7,True,False,ON,POTENSI LONGSOR TERDETEKSI,GETARAN MELEBIHI THRESHOLD
2026-09-29T23:23:51,idle-20260929162334-0841fe,trip-20260929160618-d21a37,IDLE,END,2026-09-29T23:23:28,2026-09-29T23:23:51,23.2,-1.2765615,116.86305333333334,-1.2765615,116.86305333333334,GPS_VALID,0.1097,,,,,,,False,ON,SEGERA MATIKAN MESIN AGAR BAHAN BAKAR LEBIH HEMAT,
2026-09-29T23:23:59,idle-20260929162359-8fc6b3,trip-20260929160618-d21a37,IDLE,START,2026-09-29T23:23:53,,5.5,-1.2765611666666667,116.86305183333333,,,LAST_VALID_POINT,0.066,,,,,,,False,ON,SEGERA MATIKAN MESIN AGAR BAHAN BAKAR LEBIH HEMAT,
2026-09-29T23:24:29,idle-20260929162359-8fc6b3,trip-20260929160618-d21a37,IDLE,UPDATE,2026-09-29T23:23:53,,35.7,-1.2765583333333332,116.8630445,,,GPS_VALID,0.0434,,,,,,,False,ON,SEGERA MATIKAN MESIN AGAR BAHAN BAKAR LEBIH HEMAT,
2026-09-29T23:24:42,landslide-20260929162442-545952,trip-20260929160618-d21a37,POTENSI_LONGSOR,DETECTED,,,0.0,-1.2765576666666667,116.8630415,,,GPS_VALID,0.7571,0.25,12.3,18.0,-12.3,4.3,True,False,ON,POTENSI LONGSOR TERDETEKSI,GETARAN MELEBIHI THRESHOLD
2026-09-29T23:24:44,landslide-20260929162442-545952,trip-20260929160618-d21a37,POTENSI_LONGSOR,CLEARED,,2026-09-29T23:24:44,0.0,-1.2765576666666667,116.8630415,,,GPS_VALID,0.7571,0.25,12.3,18.0,-12.3,4.3,True,False,ON,POTENSI LONGSOR TERDETEKSI,GETARAN MELEBIHI THRESHOLD
2026-09-29T23:24:53,landslide-20260929162453-90c5fa,trip-20260929160618-d21a37,POTENSI_LONGSOR,DETECTED,,,0.0,,,,,NO_FIX,0.2524,0.25,5.7,18.0,-5.7,1.6,True,False,ON,POTENSI LONGSOR TERDETEKSI,GETARAN MELEBIHI THRESHOLD
2026-09-29T23:24:55,landslide-20260929162453-90c5fa,trip-20260929160618-d21a37,POTENSI_LONGSOR,CLEARED,,2026-09-29T23:24:55,0.0,,,,,NO_FIX,0.2524,0.25,5.7,18.0,-5.7,1.6,True,False,ON,POTENSI LONGSOR TERDETEKSI,GETARAN MELEBIHI THRESHOLD
2026-09-29T23:25:02,idle-20260929162359-8fc6b3,trip-20260929160618-d21a37,IDLE,UPDATE,2026-09-29T23:23:53,,68.5,-1.2765608333333334,116.86304383333334,,,GPS_VALID,0.0821,,,,,,,False,ON,SEGERA MATIKAN MESIN AGAR BAHAN BAKAR LEBIH HEMAT,
2026-09-29T23:25:34,idle-20260929162359-8fc6b3,trip-20260929160618-d21a37,IDLE,UPDATE,2026-09-29T23:23:53,,100.5,-1.2765615,116.86304616666666,,,GPS_VALID,0.0677,,,,,,,False,ON,SEGERA MATIKAN MESIN AGAR BAHAN BAKAR LEBIH HEMAT,
2026-09-29T23:25:47,idle-20260929162359-8fc6b3,trip-20260929160618-d21a37,IDLE,END,2026-09-29T23:23:53,2026-09-29T23:25:47,113.7,-1.2765611666666667,116.86305183333333,-1.2765613333333334,116.863049,GPS_VALID,0.0504,,,,,,,False,ON,SEGERA MATIKAN MESIN AGAR BAHAN BAKAR LEBIH HEMAT,
2026-09-29T23:25:57,idle-20260929162557-902934,trip-20260929160618-d21a37,IDLE,START,2026-09-29T23:25:49,,7.6,-1.2765643333333334,116.86305183333333,,,GPS_VALID,0.0859,,,,,,,False,ON,SEGERA MATIKAN MESIN AGAR BAHAN BAKAR LEBIH HEMAT,
2026-09-29T23:26:29,idle-20260929162557-902934,trip-20260929160618-d21a37,IDLE,UPDATE,2026-09-29T23:25:49,,39.9,-1.2765616666666666,116.863064,,,GPS_VALID,0.1197,,,,,,,False,ON,SEGERA MATIKAN MESIN AGAR BAHAN BAKAR LEBIH HEMAT,
2026-09-29T23:26:35,idle-20260929162557-902934,trip-20260929160618-d21a37,IDLE,END,2026-09-29T23:25:49,2026-09-29T23:26:35,45.9,-1.2765613333333334,116.863049,-1.2765621666666667,116.86306883333333,GPS_VALID,0.1619,,,,,,,False,ON,SEGERA MATIKAN MESIN AGAR BAHAN BAKAR LEBIH HEMAT,
2026-09-29T23:26:42,landslide-20260929162642-eb150d,trip-20260929160618-d21a37,POTENSI_LONGSOR,DETECTED,,,0.0,-1.2765625,116.8630665,,,GPS_VALID,0.3465,0.25,8.0,18.0,-8.0,6.2,True,False,ON,POTENSI LONGSOR TERDETEKSI,GETARAN MELEBIHI THRESHOLD
2026-09-29T23:26:44,idle-20260929162644-c98755,trip-20260929160618-d21a37,IDLE,START,2026-09-29T23:26:37,,7.0,-1.2765625,116.8630665,,,GPS_VALID,0.3911,,,,,,,False,ON,SEGERA MATIKAN MESIN AGAR BAHAN BAKAR LEBIH HEMAT,
2026-09-29T23:26:46,landslide-20260929162642-eb150d,trip-20260929160618-d21a37,POTENSI_LONGSOR,CLEARED,,2026-09-29T23:26:46,0.0,-1.2765625,116.8630665,,,GPS_VALID,0.3465,0.25,8.0,18.0,-8.0,6.2,True,False,ON,POTENSI LONGSOR TERDETEKSI,GETARAN MELEBIHI THRESHOLD
2026-09-29T23:26:51,landslide-20260929162651-91d540,trip-20260929160618-d21a37,POTENSI_LONGSOR,DETECTED,,,0.0,-1.2765636666666667,116.86307016666666,,,GPS_VALID,0.2968,0.25,9.4,18.0,-9.4,5.4,True,False,ON,POTENSI LONGSOR TERDETEKSI,GETARAN MELEBIHI THRESHOLD
2026-09-29T23:26:56,landslide-20260929162651-91d540,trip-20260929160618-d21a37,POTENSI_LONGSOR,CLEARED,,2026-09-29T23:26:56,0.0,-1.2765636666666667,116.86307016666666,,,GPS_VALID,0.2968,0.25,9.4,18.0,-9.4,5.4,True,False,ON,POTENSI LONGSOR TERDETEKSI,GETARAN MELEBIHI THRESHOLD
2026-09-29T23:26:58,landslide-20260929162658-ff0279,trip-20260929160618-d21a37,POTENSI_LONGSOR,DETECTED,,,0.0,-1.2765635,116.86307266666667,,,GPS_VALID,0.4212,0.25,6.5,18.0,-6.5,5.3,True,False,ON,POTENSI LONGSOR TERDETEKSI,GETARAN MELEBIHI THRESHOLD
2026-09-29T23:27:00,landslide-20260929162658-ff0279,trip-20260929160618-d21a37,POTENSI_LONGSOR,CLEARED,,2026-09-29T23:27:00,0.0,-1.2765635,116.86307266666667,,,GPS_VALID,0.4212,0.25,6.5,18.0,-6.5,5.3,True,False,ON,POTENSI LONGSOR TERDETEKSI,GETARAN MELEBIHI THRESHOLD
2026-09-29T23:27:05,idle-20260929162644-c98755,trip-20260929160618-d21a37,IDLE,END,2026-09-29T23:26:37,2026-09-29T23:27:05,27.3,-1.276563,116.86307483333333,-1.276563,116.86307483333333,GPS_VALID,0.0536,,,,,,,False,ON,SEGERA MATIKAN MESIN AGAR BAHAN BAKAR LEBIH HEMAT,
2026-09-29T23:29:52,landslide-20260929162952-234d66,trip-20260929160618-d21a37,POTENSI_LONGSOR,DETECTED,,,0.0,-1.2765783333333334,116.86309966666667,,,GPS_VALID,0.8105,0.25,5.2,18.0,-5.2,1.1,True,False,ON,POTENSI LONGSOR TERDETEKSI,GETARAN MELEBIHI THRESHOLD
2026-09-29T23:29:54,landslide-20260929162952-234d66,trip-20260929160618-d21a37,POTENSI_LONGSOR,CLEARED,,2026-09-29T23:29:54,0.0,-1.2765783333333334,116.86309966666667,,,GPS_VALID,0.8105,0.25,5.2,18.0,-5.2,1.1,True,False,ON,POTENSI LONGSOR TERDETEKSI,GETARAN MELEBIHI THRESHOLD
2026-09-29T23:30:56,landslide-20260929163056-1abde8,trip-20260929160618-d21a37,POTENSI_LONGSOR,DETECTED,,,0.0,-1.276569,116.8630995,,,GPS_VALID,0.271,0.25,3.8,18.0,-3.8,1.7,True,False,ON,POTENSI LONGSOR TERDETEKSI,GETARAN MELEBIHI THRESHOLD
2026-09-29T23:30:58,landslide-20260929163056-1abde8,trip-20260929160618-d21a37,POTENSI_LONGSOR,CLEARED,,2026-09-29T23:30:58,0.0,-1.276569,116.8630995,,,GPS_VALID,0.271,0.25,3.8,18.0,-3.8,1.7,True,False,ON,POTENSI LONGSOR TERDETEKSI,GETARAN MELEBIHI THRESHOLD
2026-09-29T23:31:12,idle-20260929163112-b3076f,trip-20260929160618-d21a37,IDLE,START,2026-09-29T23:31:05,,7.3,-1.2765735,116.8630935,,,GPS_VALID,0.1903,,,,,,,False,ON,SEGERA MATIKAN MESIN AGAR BAHAN BAKAR LEBIH HEMAT,
2026-09-29T23:31:15,idle-20260929163112-b3076f,trip-20260929160618-d21a37,IDLE,END,2026-09-29T23:31:05,2026-09-29T23:31:15,9.8,-1.2765735,116.8630935,-1.2765735,116.8630935,LAST_VALID_POINT,0.1903,,,,,,,False,ON,SEGERA MATIKAN MESIN AGAR BAHAN BAKAR LEBIH HEMAT,
2026-09-30T12:47:08,landslide-20260930054708-983444,trip-20260930054235-00c3e4,POTENSI_LONGSOR,DETECTED,,,0.0,,,,,NO_FIX,0.4269,0.25,1.3,18.0,-1.3,1.2,True,False,ON,POTENSI LONGSOR TERDETEKSI,GETARAN MELEBIHI THRESHOLD
2026-09-30T12:47:11,landslide-20260930054708-983444,trip-20260930054235-00c3e4,POTENSI_LONGSOR,CLEARED,,2026-09-30T12:47:11,0.0,,,,,NO_FIX,0.4269,0.25,1.3,18.0,-1.3,1.2,True,False,ON,POTENSI LONGSOR TERDETEKSI,GETARAN MELEBIHI THRESHOLD
2026-09-30T12:47:33,landslide-20260930054733-b62a4b,trip-20260930054235-00c3e4,POTENSI_LONGSOR,DETECTED,,,0.0,,,,,NO_FIX,0.0151,0.25,18.3,18.0,-16.4,-18.3,True,False,MATI,POTENSI LONGSOR TERDETEKSI,KEMIRINGAN MELEBIHI THRESHOLD
2026-09-30T12:47:34,landslide-20260930054733-b62a4b,trip-20260930054235-00c3e4,POTENSI_LONGSOR,CLEARED,,2026-09-30T12:47:34,0.0,,,,,NO_FIX,0.0151,0.25,18.3,18.0,-16.4,-18.3,True,False,MATI,POTENSI LONGSOR TERDETEKSI,KEMIRINGAN MELEBIHI THRESHOLD
2026-09-30T18:20:24,landslide-20260930112024-82cb9d,trip-20260930111927-66d703,POTENSI_LONGSOR,DETECTED,,,0.0,,,,,NO_FIX,0.0285,0.3,23.5,15.0,-22.1,-23.5,True,False,MATI,POTENSI LONGSOR TERDETEKSI,KEMIRINGAN MELEBIHI THRESHOLD
2026-09-30T18:20:25,landslide-20260930112024-82cb9d,trip-20260930111927-66d703,POTENSI_LONGSOR,CLEARED,,2026-09-30T18:20:25,1.0,,,,,NO_FIX,0.0285,0.3,23.5,15.0,-22.1,-23.5,True,False,MATI,POTENSI LONGSOR TERDETEKSI,KEMIRINGAN MELEBIHI THRESHOLD
2026-09-30T18:20:30,landslide-20260930112030-eceaa3,trip-20260930111927-66d703,POTENSI_LONGSOR,DETECTED,,,0.0,,,,,NO_FIX,0.9362,0.3,7.1,15.0,-7.1,-6.9,True,False,ON,POTENSI LONGSOR TERDETEKSI,GETARAN MELEBIHI THRESHOLD
2026-09-30T18:20:31,landslide-20260930112030-eceaa3,trip-20260930111927-66d703,POTENSI_LONGSOR,CLEARED,,2026-09-30T18:20:31,1.1,,,,,NO_FIX,0.9362,0.3,7.1,15.0,-7.1,-6.9,True,False,ON,POTENSI LONGSOR TERDETEKSI,GETARAN MELEBIHI THRESHOLD
2026-09-30T18:21:31,idle-20260930112131-f43da8,trip-20260930111927-66d703,IDLE,START,2026-09-30T18:21:21,,10.8,,,,,NO_FIX,0.2471,,,,,,,False,ON,SEGERA MATIKAN MESIN AGAR BAHAN BAKAR LEBIH HEMAT,
2026-09-30T18:21:32,idle-20260930112131-f43da8,trip-20260930111927-66d703,IDLE,END,2026-09-30T18:21:21,2026-09-30T18:21:32,11.8,,,,,NO_FIX,0.2471,,,,,,,False,ON,SEGERA MATIKAN MESIN AGAR BAHAN BAKAR LEBIH HEMAT,
2026-09-30T18:40:38,landslide-20260930114038-30d88b,trip-20260930113942-b07960,POTENSI_LONGSOR,DETECTED,,,0.0,,,,,NO_FIX,0.0467,0.3,19.4,15.0,-18.0,-19.4,True,False,ON,POTENSI LONGSOR TERDETEKSI,KEMIRINGAN MELEBIHI THRESHOLD
2026-09-30T18:40:41,landslide-20260930114038-30d88b,trip-20260930113942-b07960,POTENSI_LONGSOR,CLEARED,,2026-09-30T18:40:41,2.1,,,,,NO_FIX,0.0467,0.3,19.4,15.0,-18.0,-19.4,True,False,ON,POTENSI LONGSOR TERDETEKSI,KEMIRINGAN MELEBIHI THRESHOLD
2026-09-30T18:40:44,landslide-20260930114044-b3b5d2,trip-20260930113942-b07960,POTENSI_LONGSOR,DETECTED,,,0.0,,,,,NO_FIX,2.2444,0.3,1.6,15.0,-1.6,0.5,True,False,ON,POTENSI LONGSOR TERDETEKSI,GETARAN MELEBIHI THRESHOLD
2026-09-30T18:40:45,landslide-20260930114044-b3b5d2,trip-20260930113942-b07960,POTENSI_LONGSOR,CLEARED,,2026-09-30T18:40:45,1.2,,,,,NO_FIX,2.2444,0.3,1.6,15.0,-1.6,0.5,True,False,ON,POTENSI LONGSOR TERDETEKSI,GETARAN MELEBIHI THRESHOLD
2026-09-30T18:40:58,landslide-20260930114058-a5dc9b,trip-20260930113942-b07960,POTENSI_LONGSOR,DETECTED,,,0.0,,,,,NO_FIX,0.4263,0.3,2.8,15.0,-2.3,2.8,True,False,ON,POTENSI LONGSOR TERDETEKSI,GETARAN MELEBIHI THRESHOLD
2026-09-30T18:40:59,landslide-20260930114058-a5dc9b,trip-20260930113942-b07960,POTENSI_LONGSOR,CLEARED,,2026-09-30T18:40:59,1.0,,,,,NO_FIX,0.4263,0.3,2.8,15.0,-2.3,2.8,True,False,ON,POTENSI LONGSOR TERDETEKSI,GETARAN MELEBIHI THRESHOLD
