timestamp,event_id,event_type,event_action,duration_s,latitude,longitude,gps_status,tilt_x,tilt_y,vibration_rms,vibration_peak,sw420_event_count,machine_state,severity,trigger_reason
2026-09-30T18:20:24,landslide-20260930112024-82cb9d,POTENSI_LONGSOR,DETECTED,0.0,,,NO_FIX,-22.1,-23.5,0.0285,0.0285,0,MATI,POTENSI LONGSOR,KEMIRINGAN MELEBIHI THRESHOLD
2026-09-30T18:20:25,landslide-20260930112024-82cb9d,POTENSI_LONGSOR,CLEARED,1.0,,,NO_FIX,-22.1,-23.5,0.0285,0.0285,0,MATI,POTENSI LONGSOR,KEMIRINGAN MELEBIHI THRESHOLD
2026-09-30T18:20:30,landslide-20260930112030-eceaa3,POTENSI_LONGSOR,DETECTED,0.0,,,NO_FIX,-7.1,-6.9,0.9362,0.9362,0,ON,POTENSI LONGSOR,GETARAN MELEBIHI THRESHOLD
2026-09-30T18:20:31,landslide-20260930112030-eceaa3,POTENSI_LONGSOR,CLEARED,1.1,,,NO_FIX,-7.1,-6.9,0.9362,0.9362,0,ON,POTENSI LONGSOR,GETARAN MELEBIHI THRESHOLD
2026-09-30T18:40:38,landslide-20260930114038-30d88b,POTENSI_LONGSOR,DETECTED,0.0,,,NO_FIX,-18.0,-19.4,0.0467,0.0467,0,ON,POTENSI LONGSOR,KEMIRINGAN MELEBIHI THRESHOLD
2026-09-30T18:40:41,landslide-20260930114038-30d88b,POTENSI_LONGSOR,CLEARED,2.1,,,NO_FIX,-18.0,-19.4,0.0467,0.0467,0,ON,POTENSI LONGSOR,KEMIRINGAN MELEBIHI THRESHOLD
2026-09-30T18:40:44,landslide-20260930114044-b3b5d2,POTENSI_LONGSOR,DETECTED,0.0,,,NO_FIX,-1.6,0.5,2.2444,2.2444,0,ON,POTENSI LONGSOR,GETARAN MELEBIHI THRESHOLD
2026-09-30T18:40:45,landslide-20260930114044-b3b5d2,POTENSI_LONGSOR,CLEARED,1.2,,,NO_FIX,-1.6,0.5,2.2444,2.2444,0,ON,POTENSI LONGSOR,GETARAN MELEBIHI THRESHOLD
2026-09-30T18:40:58,landslide-20260930114058-a5dc9b,POTENSI_LONGSOR,DETECTED,0.0,,,NO_FIX,-2.3,2.8,0.4263,0.4263,0,ON,POTENSI LONGSOR,GETARAN MELEBIHI THRESHOLD
2026-09-30T18:40:59,landslide-20260930114058-a5dc9b,POTENSI_LONGSOR,CLEARED,1.0,,,NO_FIX,-2.3,2.8,0.4263,0.4263,0,ON,POTENSI LONGSOR,GETARAN MELEBIHI THRESHOLD
